,time,x,y,layer,z,type,LWCLAYER
0,1901-01-01,1,0,0,0.05,1.0,0.0
1,1901-02-01,1,0,0,0.05,1.0,0.0
2,1901-03-01,1,0,0,0.05,1.0,0.0
3,1901-04-01,1,0,0,0.05,1.0,0.0038526097798098667
4,1901-05-01,1,0,0,0.05,1.0,0.12227067919344536
5,1901-06-01,1,0,0,0.05,1.0,0.07906274111814622
6,1901-07-01,1,0,0,0.05,1.0,0.10455015708824363
7,1901-08-01,1,0,0,0.05,1.0,0.1352428212481094
8,1901-09-01,1,0,0,0.05,1.0,0.17191246294767612
9,1901-10-01,1,0,0,0.05,1.0,0.08607227784639299
10,1901-11-01,1,0,0,0.05,1.0,0.0
11,1901-12-01,1,0,0,0.05,1.0,0.0
12,1902-01-01,1,0,0,0.05,1.0,0.0
13,1902-02-01,1,0,0,0.05,1.0,0.0
14,1902-03-01,1,0,0,0.05,1.0,0.0
15,1902-04-01,1,0,0,0.05,1.0,0.005647893822163724
16,1902-05-01,1,0,0,0.05,1.0,0.11098531246458812
17,1902-06-01,1,0,0,0.05,1.0,0.08264610535411948
18,1902-07-01,1,0,0,0.05,1.0,0.09896106316760858
19,1902-08-01,1,0,0,0.05,1.0,0.1281342618631264
20,1902-09-01,1,0,0,0.05,1.0,0.1676855309805175
21,1902-10-01,1,0,0,0.05,1.0,0.08276455663100665
22,1902-11-01,1,0,0,0.05,1.0,0.0
23,1902-12-01,1,0,0,0.05,1.0,0.0
24,1903-01-01,1,0,0,0.05,1.0,0.0
25,1903-02-01,1,0,0,0.05,1.0,0.0
26,1903-03-01,1,0,0,0.05,1.0,0.0
27,1903-04-01,1,0,0,0.05,1.0,0.0010448616299881441
28,1903-05-01,1,0,0,0.05,1.0,0.09444846300223106
29,1903-06-01,1,0,0,0.05,1.0,0.05279380440477707
30,1903-07-01,1,0,0,0.05,1.0,0.08087394971105259
31,1903-08-01,1,0,0,0.05,1.0,0.09817949151176655
32,1903-09-01,1,0,0,0.05,1.0,0.09050221753247914
33,1903-10-01,1,0,0,0.05,1.0,0.00832190671644065
34,1903-11-01,1,0,0,0.05,1.0,0.0
35,1903-12-01,1,0,0,0.05,1.0,0.0
36,1904-01-01,1,0,0,0.05,1.0,0.0
37,1904-02-01,1,0,0,0.05,1.0,0.0
38,1904-03-01,1,0,0,0.05,1.0,0.0
39,1904-04-01,1,0,0,0.05,1.0,0.018011211041269272
40,1904-05-01,1,0,0,0.05,1.0,0.05085982942061158
41,1904-06-01,1,0,0,0.05,1.0,0.054979717653248876
42,1904-07-01,1,0,0,0.05,1.0,0.06052918676206763
43,1904-08-01,1,0,0,0.05,1.0,0.10767711190291099
44,1904-09-01,1,0,0,0.05,1.0,0.08919689762440847
45,1904-10-01,1,0,0,0.05,1.0,0.0051672088499977835
46,1904-11-01,1,0,0,0.05,1.0,0.0
47,1904-12-01,1,0,0,0.05,1.0,0.0
48,1905-01-01,1,0,0,0.05,1.0,0.0
49,1905-02-01,1,0,0,0.05,1.0,0.0
50,1905-03-01,1,0,0,0.05,1.0,0.0
51,1905-04-01,1,0,0,0.05,1.0,0.0316294273455864
52,1905-05-01,1,0,0,0.05,1.0,0.07700397394611497
53,1905-06-01,1,0,0,0.05,1.0,0.08384033742817956
54,1905-07-01,1,0,0,0.05,1.0,0.1512993359018065
55,1905-08-01,1,0,0,0.05,1.0,0.17166281702978806
56,1905-09-01,1,0,0,0.05,1.0,0.141543907047201
57,1905-10-01,1,0,0,0.05,1.0,0.017834737663091342
58,1905-11-01,1,0,0,0.05,1.0,0.0
59,1905-12-01,1,0,0,0.05,1.0,0.0
60,1906-01-01,1,0,0,0.05,1.0,0.0
61,1906-02-01,1,0,0,0.05,1.0,0.0
62,1906-03-01,1,0,0,0.05,1.0,0.0
63,1906-04-01,1,0,0,0.05,1.0,0.025257850790538924
64,1906-05-01,1,0,0,0.05,1.0,0.1043740475113214
65,1906-06-01,1,0,0,0.05,1.0,0.06476964397802706
66,1906-07-01,1,0,0,0.05,1.0,0.09905383366580728
67,1906-08-01,1,0,0,0.05,1.0,0.11881754741461743
68,1906-09-01,1,0,0,0.05,1.0,0.10210799794662107
69,1906-10-01,1,0,0,0.05,1.0,0.06045043595844192
70,1906-11-01,1,0,0,0.05,1.0,0.0
71,1906-12-01,1,0,0,0.05,1.0,0.0
72,1907-01-01,1,0,0,0.05,1.0,0.0
73,1907-02-01,1,0,0,0.05,1.0,0.0
74,1907-03-01,1,0,0,0.05,1.0,0.0
75,1907-04-01,1,0,0,0.05,1.0,0.047271622385138684
76,1907-05-01,1,0,0,0.05,1.0,0.05434706386135968
77,1907-06-01,1,0,0,0.05,1.0,0.08127707504478626
78,1907-07-01,1,0,0,0.05,1.0,0.08360095311246621
79,1907-08-01,1,0,0,0.05,1.0,0.09539093402953665
80,1907-09-01,1,0,0,0.05,1.0,0.1683927845710231
81,1907-10-01,1,0,0,0.05,1.0,0.06950704322574916
82,1907-11-01,1,0,0,0.05,1.0,0.0
83,1907-12-01,1,0,0,0.05,1.0,0.0
84,1908-01-01,1,0,0,0.05,1.0,0.0
85,1908-02-01,1,0,0,0.05,1.0,0.0
86,1908-03-01,1,0,0,0.05,1.0,0.0
87,1908-04-01,1,0,0,0.05,1.0,0.019743524979437342
88,1908-05-01,1,0,0,0.05,1.0,0.1012905334670235
89,1908-06-01,1,0,0,0.05,1.0,0.07712339156781439
90,1908-07-01,1,0,0,0.05,1.0,0.07103116345610916
91,1908-08-01,1,0,0,0.05,1.0,0.06867817909240673
92,1908-09-01,1,0,0,0.05,1.0,0.12069200464553935
93,1908-10-01,1,0,0,0.05,1.0,0.010401663743002344
94,1908-11-01,1,0,0,0.05,1.0,0.0
95,1908-12-01,1,0,0,0.05,1.0,0.0
96,1909-01-01,1,0,0,0.05,1.0,0.0
97,1909-02-01,1,0,0,0.05,1.0,0.0
98,1909-03-01,1,0,0,0.05,1.0,0.0
99,1909-04-01,1,0,0,0.05,1.0,0.006445076421048912
100,1909-05-01,1,0,0,0.05,1.0,0.10147415141088395
101,1909-06-01,1,0,0,0.05,1.0,0.08944766033993506
102,1909-07-01,1,0,0,0.05,1.0,0.08774737694501955
103,1909-08-01,1,0,0,0.05,1.0,0.10169691757525351
104,1909-09-01,1,0,0,0.05,1.0,0.08584063026614018
105,1909-10-01,1,0,0,0.05,1.0,0.0030460986517968167
106,1909-11-01,1,0,0,0.05,1.0,0.0
107,1909-12-01,1,0,0,0.05,1.0,0.0
108,1910-01-01,1,0,0,0.05,1.0,0.0
109,1910-02-01,1,0,0,0.05,1.0,0.0
110,1910-03-01,1,0,0,0.05,1.0,0.0
111,1910-04-01,1,0,0,0.05,1.0,0.004481093566025584
112,1910-05-01,1,0,0,0.05,1.0,0.08013377916704774
113,1910-06-01,1,0,0,0.05,1.0,0.08535259745397519
114,1910-07-01,1,0,0,0.05,1.0,0.06499084618287498
115,1910-08-01,1,0,0,0.05,1.0,0.08117510448189028
116,1910-09-01,1,0,0,0.05,1.0,0.12341472322372857
117,1910-10-01,1,0,0,0.05,1.0,0.052340946668508394
118,1910-11-01,1,0,0,0.05,1.0,0.0
119,1910-12-01,1,0,0,0.05,1.0,0.0
120,1911-01-01,1,0,0,0.05,1.0,0.0
121,1911-02-01,1,0,0,0.05,1.0,0.0
122,1911-03-01,1,0,0,0.05,1.0,0.0
123,1911-04-01,1,0,0,0.05,1.0,0.0009205225180433532
124,1911-05-01,1,0,0,0.05,1.0,0.14899117411609253
125,1911-06-01,1,0,0,0.05,1.0,0.07707111659491794
126,1911-07-01,1,0,0,0.05,1.0,0.08393703854136682
127,1911-08-01,1,0,0,0.05,1.0,0.10209495941141133
128,1911-09-01,1,0,0,0.05,1.0,0.12827562226045983
129,1911-10-01,1,0,0,0.05,1.0,0.09541831990198144
130,1911-11-01,1,0,0,0.05,1.0,0.0
131,1911-12-01,1,0,0,0.05,1.0,0.0
132,1912-01-01,1,0,0,0.05,1.0,0.0
133,1912-02-01,1,0,0,0.05,1.0,0.0
134,1912-03-01,1,0,0,0.05,1.0,0.0
135,1912-04-01,1,0,0,0.05,1.0,0.061138368793390525
136,1912-05-01,1,0,0,0.05,1.0,0.08191702216977224
137,1912-06-01,1,0,0,0.05,1.0,0.10362065801446203
138,1912-07-01,1,0,0,0.05,1.0,0.10529183849907307
139,1912-08-01,1,0,0,0.05,1.0,0.13432706904910496
140,1912-09-01,1,0,0,0.05,1.0,0.13752234642951536
141,1912-10-01,1,0,0,0.05,1.0,0.08411217871150428
142,1912-11-01,1,0,0,0.05,1.0,0.0
143,1912-12-01,1,0,0,0.05,1.0,0.0
144,1913-01-01,1,0,0,0.05,1.0,0.0
145,1913-02-01,1,0,0,0.05,1.0,0.0
146,1913-03-01,1,0,0,0.05,1.0,0.0
147,1913-04-01,1,0,0,0.05,1.0,0.01645971416373054
148,1913-05-01,1,0,0,0.05,1.0,0.05230758642380246
149,1913-06-01,1,0,0,0.05,1.0,0.06938172762980405
150,1913-07-01,1,0,0,0.05,1.0,0.07497162763263082
151,1913-08-01,1,0,0,0.05,1.0,0.11666323374864071
152,1913-09-01,1,0,0,0.05,1.0,0.11318763429669276
153,1913-10-01,1,0,0,0.05,1.0,0.011993862203011588
154,1913-11-01,1,0,0,0.05,1.0,0.0
155,1913-12-01,1,0,0,0.05,1.0,0.0
156,1914-01-01,1,0,0,0.05,1.0,0.0
157,1914-02-01,1,0,0,0.05,1.0,0.0
158,1914-03-01,1,0,0,0.05,1.0,0.0
159,1914-04-01,1,0,0,0.05,1.0,0.02595963322013076
160,1914-05-01,1,0,0,0.05,1.0,0.10441128644439393
161,1914-06-01,1,0,0,0.05,1.0,0.09175488171777972
162,1914-07-01,1,0,0,0.05,1.0,0.0992197002232949
163,1914-08-01,1,0,0,0.05,1.0,0.11840312776501381
164,1914-09-01,1,0,0,0.05,1.0,0.1561775030413943
165,1914-10-01,1,0,0,0.05,1.0,0.11223195659257137
166,1914-11-01,1,0,0,0.05,1.0,0.0
167,1914-12-01,1,0,0,0.05,1.0,0.0
168,1915-01-01,1,0,0,0.05,1.0,0.0
169,1915-02-01,1,0,0,0.05,1.0,0.0
170,1915-03-01,1,0,0,0.05,1.0,0.0
171,1915-04-01,1,0,0,0.05,1.0,0.08275388475167764
172,1915-05-01,1,0,0,0.05,1.0,0.07451365877930732
173,1915-06-01,1,0,0,0.05,1.0,0.08239682188942857
174,1915-07-01,1,0,0,0.05,1.0,0.08761338090308668
175,1915-08-01,1,0,0,0.05,1.0,0.11745953222916453
176,1915-09-01,1,0,0,0.05,1.0,0.18775002335008495
177,1915-10-01,1,0,0,0.05,1.0,0.026161355597598843
178,1915-11-01,1,0,0,0.05,1.0,0.0
179,1915-12-01,1,0,0,0.05,1.0,0.0
180,1916-01-01,1,0,0,0.05,1.0,0.0
181,1916-02-01,1,0,0,0.05,1.0,0.0
182,1916-03-01,1,0,0,0.05,1.0,0.0
183,1916-04-01,1,0,0,0.05,1.0,0.06564075330193694
184,1916-05-01,1,0,0,0.05,1.0,0.1424418351195506
185,1916-06-01,1,0,0,0.05,1.0,0.1175519199596155
186,1916-07-01,1,0,0,0.05,1.0,0.12979372541530576
187,1916-08-01,1,0,0,0.05,1.0,0.15242493934624726
188,1916-09-01,1,0,0,0.05,1.0,0.17751262826339684
189,1916-10-01,1,0,0,0.05,1.0,0.118509594010208
190,1916-11-01,1,0,0,0.05,1.0,0.0008643147943719993
191,1916-12-01,1,0,0,0.05,1.0,0.0
192,1917-01-01,1,0,0,0.05,1.0,0.0
193,1917-02-01,1,0,0,0.05,1.0,0.0
194,1917-03-01,1,0,0,0.05,1.0,0.0
195,1917-04-01,1,0,0,0.05,1.0,0.04460525508261522
196,1917-05-01,1,0,0,0.05,1.0,0.10190599465273109
197,1917-06-01,1,0,0,0.05,1.0,0.07915855733645832
198,1917-07-01,1,0,0,0.05,1.0,0.1420156196504074
199,1917-08-01,1,0,0,0.05,1.0,0.15225364527445226
200,1917-09-01,1,0,0,0.05,1.0,0.14082847064415543
201,1917-10-01,1,0,0,0.05,1.0,0.06576814417818466
202,1917-11-01,1,0,0,0.05,1.0,0.0
203,1917-12-01,1,0,0,0.05,1.0,0.0
204,1918-01-01,1,0,0,0.05,1.0,0.0
205,1918-02-01,1,0,0,0.05,1.0,0.0
206,1918-03-01,1,0,0,0.05,1.0,0.0
207,1918-04-01,1,0,0,0.05,1.0,0.0
208,1918-05-01,1,0,0,0.05,1.0,0.09389269230209099
209,1918-06-01,1,0,0,0.05,1.0,0.07059862406871364
210,1918-07-01,1,0,0,0.05,1.0,0.10459940457993194
211,1918-08-01,1,0,0,0.05,1.0,0.13223704241117387
212,1918-09-01,1,0,0,0.05,1.0,0.1141273772159418
213,1918-10-01,1,0,0,0.05,1.0,0.06064909763087933
214,1918-11-01,1,0,0,0.05,1.0,0.0
215,1918-12-01,1,0,0,0.05,1.0,0.0
216,1919-01-01,1,0,0,0.05,1.0,0.0
217,1919-02-01,1,0,0,0.05,1.0,0.0
218,1919-03-01,1,0,0,0.05,1.0,0.0
219,1919-04-01,1,0,0,0.05,1.0,0.02572457402438551
220,1919-05-01,1,0,0,0.05,1.0,0.07288891752119658
221,1919-06-01,1,0,0,0.05,1.0,0.11031040600574857
222,1919-07-01,1,0,0,0.05,1.0,0.12615638659858097
223,1919-08-01,1,0,0,0.05,1.0,0.12468971131368532
224,1919-09-01,1,0,0,0.05,1.0,0.16274905701888145
225,1919-10-01,1,0,0,0.05,1.0,0.07116426847480462
226,1919-11-01,1,0,0,0.05,1.0,0.0
227,1919-12-01,1,0,0,0.05,1.0,0.0
228,1920-01-01,1,0,0,0.05,1.0,0.0
229,1920-02-01,1,0,0,0.05,1.0,0.0
230,1920-03-01,1,0,0,0.05,1.0,0.0
231,1920-04-01,1,0,0,0.05,1.0,0.0
232,1920-05-01,1,0,0,0.05,1.0,0.08873761812713471
233,1920-06-01,1,0,0,0.05,1.0,0.05972797397730951
234,1920-07-01,1,0,0,0.05,1.0,0.0920701044797852
235,1920-08-01,1,0,0,0.05,1.0,0.11108333754352626
236,1920-09-01,1,0,0,0.05,1.0,0.12570072455060396
237,1920-10-01,1,0,0,0.05,1.0,0.02159008505419584
238,1920-11-01,1,0,0,0.05,1.0,0.0
239,1920-12-01,1,0,0,0.05,1.0,0.0
240,1921-01-01,1,0,0,0.05,1.0,0.0
241,1921-02-01,1,0,0,0.05,1.0,0.0
242,1921-03-01,1,0,0,0.05,1.0,0.0
243,1921-04-01,1,0,0,0.05,1.0,0.02345284805925174
244,1921-05-01,1,0,0,0.05,1.0,0.06148635275999677
245,1921-06-01,1,0,0,0.05,1.0,0.07415441682389753
246,1921-07-01,1,0,0,0.05,1.0,0.07711615389331922
247,1921-08-01,1,0,0,0.05,1.0,0.07977226506022311
248,1921-09-01,1,0,0,0.05,1.0,0.11971891977766272
249,1921-10-01,1,0,0,0.05,1.0,0.07584297877806404
250,1921-11-01,1,0,0,0.05,1.0,0.0
251,1921-12-01,1,0,0,0.05,1.0,0.0
252,1922-01-01,1,0,0,0.05,1.0,0.0
253,1922-02-01,1,0,0,0.05,1.0,0.0
254,1922-03-01,1,0,0,0.05,1.0,0.0
255,1922-04-01,1,0,0,0.05,1.0,0.023677837435360845
256,1922-05-01,1,0,0,0.05,1.0,0.10098742610148981
257,1922-06-01,1,0,0,0.05,1.0,0.07336241332474143
258,1922-07-01,1,0,0,0.05,1.0,0.17319229462344635
259,1922-08-01,1,0,0,0.05,1.0,0.11479843918445268
260,1922-09-01,1,0,0,0.05,1.0,0.16773813599514537
261,1922-10-01,1,0,0,0.05,1.0,0.12097913628660925
262,1922-11-01,1,0,0,0.05,1.0,0.0
263,1922-12-01,1,0,0,0.05,1.0,0.0
264,1923-01-01,1,0,0,0.05,1.0,0.0
265,1923-02-01,1,0,0,0.05,1.0,0.0
266,1923-03-01,1,0,0,0.05,1.0,0.0
267,1923-04-01,1,0,0,0.05,1.0,0.03553561893379797
268,1923-05-01,1,0,0,0.05,1.0,0.11631124194170192
269,1923-06-01,1,0,0,0.05,1.0,0.09879894250588922
270,1923-07-01,1,0,0,0.05,1.0,0.07885527829855492
271,1923-08-01,1,0,0,0.05,1.0,0.07294283050448291
272,1923-09-01,1,0,0,0.05,1.0,0.1411125828460807
273,1923-10-01,1,0,0,0.05,1.0,0.12368938671308985
274,1923-11-01,1,0,0,0.05,1.0,0.0007564011072023549
275,1923-12-01,1,0,0,0.05,1.0,0.0
276,1924-01-01,1,0,0,0.05,1.0,0.0
277,1924-02-01,1,0,0,0.05,1.0,0.0
278,1924-03-01,1,0,0,0.05,1.0,0.0
279,1924-04-01,1,0,0,0.05,1.0,0.0
280,1924-05-01,1,0,0,0.05,1.0,0.07638955881998508
281,1924-06-01,1,0,0,0.05,1.0,0.08792320574267301
282,1924-07-01,1,0,0,0.05,1.0,0.10420806739325504
283,1924-08-01,1,0,0,0.05,1.0,0.1379496345743219
284,1924-09-01,1,0,0,0.05,1.0,0.1665698238140744
285,1924-10-01,1,0,0,0.05,1.0,0.034399925236075615
286,1924-11-01,1,0,0,0.05,1.0,0.0
287,1924-12-01,1,0,0,0.05,1.0,0.0
288,1925-01-01,1,0,0,0.05,1.0,0.0
289,1925-02-01,1,0,0,0.05,1.0,0.0
290,1925-03-01,1,0,0,0.05,1.0,0.0
291,1925-04-01,1,0,0,0.05,1.0,0.038083153177301
292,1925-05-01,1,0,0,0.05,1.0,0.09353475414673224
293,1925-06-01,1,0,0,0.05,1.0,0.07246175493466524
294,1925-07-01,1,0,0,0.05,1.0,0.0861178126656179
295,1925-08-01,1,0,0,0.05,1.0,0.0787506187982257
296,1925-09-01,1,0,0,0.05,1.0,0.1604783861509323
297,1925-10-01,1,0,0,0.05,1.0,0.1304148781702708
298,1925-11-01,1,0,0,0.05,1.0,0.0005954971132869353
299,1925-12-01,1,0,0,0.05,1.0,0.0
300,1926-01-01,1,0,0,0.05,1.0,0.0
301,1926-02-01,1,0,0,0.05,1.0,0.0
302,1926-03-01,1,0,0,0.05,1.0,0.0
303,1926-04-01,1,0,0,0.05,1.0,0.08626061793220932
304,1926-05-01,1,0,0,0.05,1.0,0.10364665804557538
305,1926-06-01,1,0,0,0.05,1.0,0.08289949621447021
306,1926-07-01,1,0,0,0.05,1.0,0.10325320772437424
307,1926-08-01,1,0,0,0.05,1.0,0.11040524598272605
308,1926-09-01,1,0,0,0.05,1.0,0.169255253069444
309,1926-10-01,1,0,0,0.05,1.0,0.11942468459342545
310,1926-11-01,1,0,0,0.05,1.0,0.0
311,1926-12-01,1,0,0,0.05,1.0,0.0
312,1927-01-01,1,0,0,0.05,1.0,0.0
313,1927-02-01,1,0,0,0.05,1.0,0.0
314,1927-03-01,1,0,0,0.05,1.0,0.0
315,1927-04-01,1,0,0,0.05,1.0,0.0
316,1927-05-01,1,0,0,0.05,1.0,0.0855320661925573
317,1927-06-01,1,0,0,0.05,1.0,0.08412683285300417
318,1927-07-01,1,0,0,0.05,1.0,0.07203313974493267
319,1927-08-01,1,0,0,0.05,1.0,0.09596749081326203
320,1927-09-01,1,0,0,0.05,1.0,0.1291192172605526
321,1927-10-01,1,0,0,0.05,1.0,0.020238666725095122
322,1927-11-01,1,0,0,0.05,1.0,0.0
323,1927-12-01,1,0,0,0.05,1.0,0.0
324,1928-01-01,1,0,0,0.05,1.0,0.0
325,1928-02-01,1,0,0,0.05,1.0,0.0
326,1928-03-01,1,0,0,0.05,1.0,0.0
327,1928-04-01,1,0,0,0.05,1.0,0.020129135077792598
328,1928-05-01,1,0,0,0.05,1.0,0.08664313494711454
329,1928-06-01,1,0,0,0.05,1.0,0.09284734086117266
330,1928-07-01,1,0,0,0.05,1.0,0.07855764500622325
331,1928-08-01,1,0,0,0.05,1.0,0.091927683902673
332,1928-09-01,1,0,0,0.05,1.0,0.1314577255087731
333,1928-10-01,1,0,0,0.05,1.0,0.05362966748221146
334,1928-11-01,1,0,0,0.05,1.0,0.0
335,1928-12-01,1,0,0,0.05,1.0,0.0
336,1929-01-01,1,0,0,0.05,1.0,0.0
337,1929-02-01,1,0,0,0.05,1.0,0.0
338,1929-03-01,1,0,0,0.05,1.0,0.0
339,1929-04-01,1,0,0,0.05,1.0,0.011230885208105109
340,1929-05-01,1,0,0,0.05,1.0,0.1831846177439389
341,1929-06-01,1,0,0,0.05,1.0,0.10775291863453416
342,1929-07-01,1,0,0,0.05,1.0,0.1627278411709815
343,1929-08-01,1,0,0,0.05,1.0,0.15405002749582064
344,1929-09-01,1,0,0,0.05,1.0,0.11603421548619344
345,1929-10-01,1,0,0,0.05,1.0,0.09513165402660323
346,1929-11-01,1,0,0,0.05,1.0,0.0
347,1929-12-01,1,0,0,0.05,1.0,0.0
348,1930-01-01,1,0,0,0.05,1.0,0.0
349,1930-02-01,1,0,0,0.05,1.0,0.0
350,1930-03-01,1,0,0,0.05,1.0,0.0
351,1930-04-01,1,0,0,0.05,1.0,0.014867594820599118
352,1930-05-01,1,0,0,0.05,1.0,0.10889435735834696
353,1930-06-01,1,0,0,0.05,1.0,0.09915319467721972
354,1930-07-01,1,0,0,0.05,1.0,0.09530576287361905
355,1930-08-01,1,0,0,0.05,1.0,0.22068482335780878
356,1930-09-01,1,0,0,0.05,1.0,0.20497455044927965
357,1930-10-01,1,0,0,0.05,1.0,0.07621350092126015
358,1930-11-01,1,0,0,0.05,1.0,0.0
359,1930-12-01,1,0,0,0.05,1.0,0.0
360,1931-01-01,1,0,0,0.05,1.0,0.0
361,1931-02-01,1,0,0,0.05,1.0,0.0
362,1931-03-01,1,0,0,0.05,1.0,0.0
363,1931-04-01,1,0,0,0.05,1.0,0.006947925711348769
364,1931-05-01,1,0,0,0.05,1.0,0.07934666674365026
365,1931-06-01,1,0,0,0.05,1.0,0.09087941160824863
366,1931-07-01,1,0,0,0.05,1.0,0.09365851320235284
367,1931-08-01,1,0,0,0.05,1.0,0.1349539341658416
368,1931-09-01,1,0,0,0.05,1.0,0.18868083917783596
369,1931-10-01,1,0,0,0.05,1.0,0.08410470699347064
370,1931-11-01,1,0,0,0.05,1.0,0.0
371,1931-12-01,1,0,0,0.05,1.0,0.0
372,1932-01-01,1,0,0,0.05,1.0,0.0
373,1932-02-01,1,0,0,0.05,1.0,0.0
374,1932-03-01,1,0,0,0.05,1.0,0.0
375,1932-04-01,1,0,0,0.05,1.0,0.07213962519137983
376,1932-05-01,1,0,0,0.05,1.0,0.09418530257541187
377,1932-06-01,1,0,0,0.05,1.0,0.08460591698213432
378,1932-07-01,1,0,0,0.05,1.0,0.11773607372644855
379,1932-08-01,1,0,0,0.05,1.0,0.17028614132975847
380,1932-09-01,1,0,0,0.05,1.0,0.20269424352948934
381,1932-10-01,1,0,0,0.05,1.0,0.08950821400735841
382,1932-11-01,1,0,0,0.05,1.0,0.0
383,1932-12-01,1,0,0,0.05,1.0,0.0
384,1933-01-01,1,0,0,0.05,1.0,0.0
385,1933-02-01,1,0,0,0.05,1.0,0.0
386,1933-03-01,1,0,0,0.05,1.0,0.0
387,1933-04-01,1,0,0,0.05,1.0,0.03284863018812995
388,1933-05-01,1,0,0,0.05,1.0,0.07455880934601813
389,1933-06-01,1,0,0,0.05,1.0,0.0945543285780693
390,1933-07-01,1,0,0,0.05,1.0,0.09703277853409185
391,1933-08-01,1,0,0,0.05,1.0,0.12755071651872307
392,1933-09-01,1,0,0,0.05,1.0,0.12237480750815369
393,1933-10-01,1,0,0,0.05,1.0,0.017163424186381157
394,1933-11-01,1,0,0,0.05,1.0,0.0
395,1933-12-01,1,0,0,0.05,1.0,0.0
396,1934-01-01,1,0,0,0.05,1.0,0.0
397,1934-02-01,1,0,0,0.05,1.0,0.0
398,1934-03-01,1,0,0,0.05,1.0,0.0
399,1934-04-01,1,0,0,0.05,1.0,0.051642913196327675
400,1934-05-01,1,0,0,0.05,1.0,0.08867476757959664
401,1934-06-01,1,0,0,0.05,1.0,0.05876209077334748
402,1934-07-01,1,0,0,0.05,1.0,0.08513688313086157
403,1934-08-01,1,0,0,0.05,1.0,0.13275427145579372
404,1934-09-01,1,0,0,0.05,1.0,0.12770205081643785
405,1934-10-01,1,0,0,0.05,1.0,0.10054640947076529
406,1934-11-01,1,0,0,0.05,1.0,0.0
407,1934-12-01,1,0,0,0.05,1.0,0.0
408,1935-01-01,1,0,0,0.05,1.0,0.0
409,1935-02-01,1,0,0,0.05,1.0,0.0
410,1935-03-01,1,0,0,0.05,1.0,0.0
411,1935-04-01,1,0,0,0.05,1.0,0.007955381463032925
412,1935-05-01,1,0,0,0.05,1.0,0.07734885934716425
413,1935-06-01,1,0,0,0.05,1.0,0.09655926593278558
414,1935-07-01,1,0,0,0.05,1.0,0.10502122908748208
415,1935-08-01,1,0,0,0.05,1.0,0.1267423327354846
416,1935-09-01,1,0,0,0.05,1.0,0.17994041936822514
417,1935-10-01,1,0,0,0.05,1.0,0.09142185842642772
418,1935-11-01,1,0,0,0.05,1.0,0.0
419,1935-12-01,1,0,0,0.05,1.0,0.0
420,1936-01-01,1,0,0,0.05,1.0,0.0
421,1936-02-01,1,0,0,0.05,1.0,0.0
422,1936-03-01,1,0,0,0.05,1.0,0.0
423,1936-04-01,1,0,0,0.05,1.0,0.01782717159662495
424,1936-05-01,1,0,0,0.05,1.0,0.11345784065907821
425,1936-06-01,1,0,0,0.05,1.0,0.07603128755243166
426,1936-07-01,1,0,0,0.05,1.0,0.11169723288209152
427,1936-08-01,1,0,0,0.05,1.0,0.17459381610630845
428,1936-09-01,1,0,0,0.05,1.0,0.19456956873026582
429,1936-10-01,1,0,0,0.05,1.0,0.13964164377430863
430,1936-11-01,1,0,0,0.05,1.0,0.003806654814130915
431,1936-12-01,1,0,0,0.05,1.0,0.0
432,1937-01-01,1,0,0,0.05,1.0,0.0
433,1937-02-01,1,0,0,0.05,1.0,0.0
434,1937-03-01,1,0,0,0.05,1.0,0.0
435,1937-04-01,1,0,0,0.05,1.0,0.0017831706422077672
436,1937-05-01,1,0,0,0.05,1.0,0.1074438048315072
437,1937-06-01,1,0,0,0.05,1.0,0.0587619920479506
438,1937-07-01,1,0,0,0.05,1.0,0.09137068752773458
439,1937-08-01,1,0,0,0.05,1.0,0.17004255934192272
440,1937-09-01,1,0,0,0.05,1.0,0.16506359358180317
441,1937-10-01,1,0,0,0.05,1.0,0.1261897026172957
442,1937-11-01,1,0,0,0.05,1.0,0.0
443,1937-12-01,1,0,0,0.05,1.0,0.0
444,1938-01-01,1,0,0,0.05,1.0,0.0
445,1938-02-01,1,0,0,0.05,1.0,0.0
446,1938-03-01,1,0,0,0.05,1.0,0.0
447,1938-04-01,1,0,0,0.05,1.0,0.06427707710234594
448,1938-05-01,1,0,0,0.05,1.0,0.06625083139862559
449,1938-06-01,1,0,0,0.05,1.0,0.060321895336535154
450,1938-07-01,1,0,0,0.05,1.0,0.11456962183477931
451,1938-08-01,1,0,0,0.05,1.0,0.14905619816465251
452,1938-09-01,1,0,0,0.05,1.0,0.15468557684598686
453,1938-10-01,1,0,0,0.05,1.0,0.1467461741435397
454,1938-11-01,1,0,0,0.05,1.0,0.0015812814388597154
455,1938-12-01,1,0,0,0.05,1.0,0.0
456,1939-01-01,1,0,0,0.05,1.0,0.0
457,1939-02-01,1,0,0,0.05,1.0,0.0
458,1939-03-01,1,0,0,0.05,1.0,0.0
459,1939-04-01,1,0,0,0.05,1.0,0.04945326341573322
460,1939-05-01,1,0,0,0.05,1.0,0.06403300868172132
461,1939-06-01,1,0,0,0.05,1.0,0.101761063401787
462,1939-07-01,1,0,0,0.05,1.0,0.10717524246396604
463,1939-08-01,1,0,0,0.05,1.0,0.1335919670856313
464,1939-09-01,1,0,0,0.05,1.0,0.16652594684706282
465,1939-10-01,1,0,0,0.05,1.0,0.022760048248123926
466,1939-11-01,1,0,0,0.05,1.0,0.0
467,1939-12-01,1,0,0,0.05,1.0,0.0
468,1940-01-01,1,0,0,0.05,1.0,0.0
469,1940-02-01,1,0,0,0.05,1.0,0.0
470,1940-03-01,1,0,0,0.05,1.0,0.0
471,1940-04-01,1,0,0,0.05,1.0,0.08292256804482837
472,1940-05-01,1,0,0,0.05,1.0,0.0688946754606239
473,1940-06-01,1,0,0,0.05,1.0,0.09896923877672778
474,1940-07-01,1,0,0,0.05,1.0,0.07152754668261427
475,1940-08-01,1,0,0,0.05,1.0,0.09496279811931718
476,1940-09-01,1,0,0,0.05,1.0,0.1302548300459439
477,1940-10-01,1,0,0,0.05,1.0,0.08395107963182094
478,1940-11-01,1,0,0,0.05,1.0,0.0
479,1940-12-01,1,0,0,0.05,1.0,0.0
480,1941-01-01,1,0,0,0.05,1.0,0.0
481,1941-02-01,1,0,0,0.05,1.0,0.0
482,1941-03-01,1,0,0,0.05,1.0,0.0
483,1941-04-01,1,0,0,0.05,1.0,0.07286062030689702
484,1941-05-01,1,0,0,0.05,1.0,0.12307121542689489
485,1941-06-01,1,0,0,0.05,1.0,0.09838664672012598
486,1941-07-01,1,0,0,0.05,1.0,0.10606763097466552
487,1941-08-01,1,0,0,0.05,1.0,0.11368473665932216
488,1941-09-01,1,0,0,0.05,1.0,0.1458601933736824
489,1941-10-01,1,0,0,0.05,1.0,0.06069976267626251
490,1941-11-01,1,0,0,0.05,1.0,0.0
491,1941-12-01,1,0,0,0.05,1.0,0.0
492,1942-01-01,1,0,0,0.05,1.0,0.0
493,1942-02-01,1,0,0,0.05,1.0,0.0
494,1942-03-01,1,0,0,0.05,1.0,0.0
495,1942-04-01,1,0,0,0.05,1.0,0.062004980259538836
496,1942-05-01,1,0,0,0.05,1.0,0.09214686558174488
497,1942-06-01,1,0,0,0.05,1.0,0.10129401036772122
498,1942-07-01,1,0,0,0.05,1.0,0.10752616904999658
499,1942-08-01,1,0,0,0.05,1.0,0.15380542205933198
500,1942-09-01,1,0,0,0.05,1.0,0.18912057554676087
501,1942-10-01,1,0,0,0.05,1.0,0.09968344778735591
502,1942-11-01,1,0,0,0.05,1.0,0.0
503,1942-12-01,1,0,0,0.05,1.0,0.0
504,1943-01-01,1,0,0,0.05,1.0,0.0
505,1943-02-01,1,0,0,0.05,1.0,0.0
506,1943-03-01,1,0,0,0.05,1.0,0.0
507,1943-04-01,1,0,0,0.05,1.0,0.046798892254812596
508,1943-05-01,1,0,0,0.05,1.0,0.06725440939966486
509,1943-06-01,1,0,0,0.05,1.0,0.06745449039384789
510,1943-07-01,1,0,0,0.05,1.0,0.07242319231132054
511,1943-08-01,1,0,0,0.05,1.0,0.1342144111511256
512,1943-09-01,1,0,0,0.05,1.0,0.15859050950591114
513,1943-10-01,1,0,0,0.05,1.0,0.09993832427156199
514,1943-11-01,1,0,0,0.05,1.0,0.0
515,1943-12-01,1,0,0,0.05,1.0,0.0
516,1944-01-01,1,0,0,0.05,1.0,0.0
517,1944-02-01,1,0,0,0.05,1.0,0.0
518,1944-03-01,1,0,0,0.05,1.0,0.0
519,1944-04-01,1,0,0,0.05,1.0,0.006500892078555993
520,1944-05-01,1,0,0,0.05,1.0,0.11631953530138478
521,1944-06-01,1,0,0,0.05,1.0,0.08431465343411607
522,1944-07-01,1,0,0,0.05,1.0,0.09563802252304465
523,1944-08-01,1,0,0,0.05,1.0,0.16098982924517719
524,1944-09-01,1,0,0,0.05,1.0,0.18030670289421807
525,1944-10-01,1,0,0,0.05,1.0,0.10434758498344193
526,1944-11-01,1,0,0,0.05,1.0,0.0
527,1944-12-01,1,0,0,0.05,1.0,0.0
528,1945-01-01,1,0,0,0.05,1.0,0.0
529,1945-02-01,1,0,0,0.05,1.0,0.0
530,1945-03-01,1,0,0,0.05,1.0,0.0
531,1945-04-01,1,0,0,0.05,1.0,0.0
532,1945-05-01,1,0,0,0.05,1.0,0.08934964210713148
533,1945-06-01,1,0,0,0.05,1.0,0.12436175285206488
534,1945-07-01,1,0,0,0.05,1.0,0.13647616060974976
535,1945-08-01,1,0,0,0.05,1.0,0.19936439813096127
536,1945-09-01,1,0,0,0.05,1.0,0.2112056856737121
537,1945-10-01,1,0,0,0.05,1.0,0.08244902601145146
538,1945-11-01,1,0,0,0.05,1.0,0.0
539,1945-12-01,1,0,0,0.05,1.0,0.0
540,1946-01-01,1,0,0,0.05,1.0,0.0
541,1946-02-01,1,0,0,0.05,1.0,0.0
542,1946-03-01,1,0,0,0.05,1.0,0.0
543,1946-04-01,1,0,0,0.05,1.0,0.007128298927573249
544,1946-05-01,1,0,0,0.05,1.0,0.1399457931814327
545,1946-06-01,1,0,0,0.05,1.0,0.08428643866578753
546,1946-07-01,1,0,0,0.05,1.0,0.09113308883948978
547,1946-08-01,1,0,0,0.05,1.0,0.13500990836611715
548,1946-09-01,1,0,0,0.05,1.0,0.17366666162447836
549,1946-10-01,1,0,0,0.05,1.0,0.13570910988967422
550,1946-11-01,1,0,0,0.05,1.0,8.326978088892479e-06
551,1946-12-01,1,0,0,0.05,1.0,0.0
552,1947-01-01,1,0,0,0.05,1.0,0.0
553,1947-02-01,1,0,0,0.05,1.0,0.0
554,1947-03-01,1,0,0,0.05,1.0,0.0
555,1947-04-01,1,0,0,0.05,1.0,0.02809523418267599
556,1947-05-01,1,0,0,0.05,1.0,0.12398127542878301
557,1947-06-01,1,0,0,0.05,1.0,0.06260229565643034
558,1947-07-01,1,0,0,0.05,1.0,0.08560050490472369
559,1947-08-01,1,0,0,0.05,1.0,0.11453841753238861
560,1947-09-01,1,0,0,0.05,1.0,0.16575460646929435
561,1947-10-01,1,0,0,0.05,1.0,0.06914445932676078
562,1947-11-01,1,0,0,0.05,1.0,0.0
563,1947-12-01,1,0,0,0.05,1.0,0.0
564,1948-01-01,1,0,0,0.05,1.0,0.0
565,1948-02-01,1,0,0,0.05,1.0,0.0
566,1948-03-01,1,0,0,0.05,1.0,0.0
567,1948-04-01,1,0,0,0.05,1.0,0.0017009821853388985
568,1948-05-01,1,0,0,0.05,1.0,0.15833825292994597
569,1948-06-01,1,0,0,0.05,1.0,0.12768429888589009
570,1948-07-01,1,0,0,0.05,1.0,0.21796194739476676
571,1948-08-01,1,0,0,0.05,1.0,0.2051031195986199
572,1948-09-01,1,0,0,0.05,1.0,0.19096988313617075
573,1948-10-01,1,0,0,0.05,1.0,0.09688064303722538
574,1948-11-01,1,0,0,0.05,1.0,0.0
575,1948-12-01,1,0,0,0.05,1.0,0.0
576,1949-01-01,1,0,0,0.05,1.0,0.0
577,1949-02-01,1,0,0,0.05,1.0,0.0
578,1949-03-01,1,0,0,0.05,1.0,0.0
579,1949-04-01,1,0,0,0.05,1.0,0.0
580,1949-05-01,1,0,0,0.05,1.0,0.1179061507264902
581,1949-06-01,1,0,0,0.05,1.0,0.15628801590408076
582,1949-07-01,1,0,0,0.05,1.0,0.2490902645378189
583,1949-08-01,1,0,0,0.05,1.0,0.23509991019585258
584,1949-09-01,1,0,0,0.05,1.0,0.1920117300848194
585,1949-10-01,1,0,0,0.05,1.0,0.09513964166019576
586,1949-11-01,1,0,0,0.05,1.0,0.0
587,1949-12-01,1,0,0,0.05,1.0,0.0
588,1950-01-01,1,0,0,0.05,1.0,0.0
589,1950-02-01,1,0,0,0.05,1.0,0.0
590,1950-03-01,1,0,0,0.05,1.0,0.0
591,1950-04-01,1,0,0,0.05,1.0,0.029732023410402868
592,1950-05-01,1,0,0,0.05,1.0,0.10848321867929606
593,1950-06-01,1,0,0,0.05,1.0,0.06884576008320974
594,1950-07-01,1,0,0,0.05,1.0,0.09445639795332582
595,1950-08-01,1,0,0,0.05,1.0,0.10976954422302576
596,1950-09-01,1,0,0,0.05,1.0,0.10515356222114389
597,1950-10-01,1,0,0,0.05,1.0,0.07016622801970238
598,1950-11-01,1,0,0,0.05,1.0,0.0
599,1950-12-01,1,0,0,0.05,1.0,0.0
600,1951-01-01,1,0,0,0.05,1.0,0.0
601,1951-02-01,1,0,0,0.05,1.0,0.0
602,1951-03-01,1,0,0,0.05,1.0,0.0
603,1951-04-01,1,0,0,0.05,1.0,0.05788225425571173
604,1951-05-01,1,0,0,0.05,1.0,0.06193413480543149
605,1951-06-01,1,0,0,0.05,1.0,0.07027283330373524
606,1951-07-01,1,0,0,0.05,1.0,0.08152911453404846
607,1951-08-01,1,0,0,0.05,1.0,0.10453061444954453
608,1951-09-01,1,0,0,0.05,1.0,0.14037722979206704
609,1951-10-01,1,0,0,0.05,1.0,0.05286696531936076
610,1951-11-01,1,0,0,0.05,1.0,0.0
611,1951-12-01,1,0,0,0.05,1.0,0.0
612,1952-01-01,1,0,0,0.05,1.0,0.0
613,1952-02-01,1,0,0,0.05,1.0,0.0
614,1952-03-01,1,0,0,0.05,1.0,0.0
615,1952-04-01,1,0,0,0.05,1.0,0.002862533352540694
616,1952-05-01,1,0,0,0.05,1.0,0.10148165898790867
617,1952-06-01,1,0,0,0.05,1.0,0.08632856271924273
618,1952-07-01,1,0,0,0.05,1.0,0.10656051758363667
619,1952-08-01,1,0,0,0.05,1.0,0.12397119776646029
620,1952-09-01,1,0,0,0.05,1.0,0.16836337078438102
621,1952-10-01,1,0,0,0.05,1.0,0.10227755904371894
622,1952-11-01,1,0,0,0.05,1.0,0.0
623,1952-12-01,1,0,0,0.05,1.0,0.0
624,1953-01-01,1,0,0,0.05,1.0,0.0
625,1953-02-01,1,0,0,0.05,1.0,0.0
626,1953-03-01,1,0,0,0.05,1.0,0.0
627,1953-04-01,1,0,0,0.05,1.0,0.038609339703948
628,1953-05-01,1,0,0,0.05,1.0,0.05492944534528799
629,1953-06-01,1,0,0,0.05,1.0,0.097529346632475
630,1953-07-01,1,0,0,0.05,1.0,0.09327667755202165
631,1953-08-01,1,0,0,0.05,1.0,0.1276265270739774
632,1953-09-01,1,0,0,0.05,1.0,0.17259627749802403
633,1953-10-01,1,0,0,0.05,1.0,0.0683287965750935
634,1953-11-01,1,0,0,0.05,1.0,0.0
635,1953-12-01,1,0,0,0.05,1.0,0.0
636,1954-01-01,1,0,0,0.05,1.0,0.0
637,1954-02-01,1,0,0,0.05,1.0,0.0
638,1954-03-01,1,0,0,0.05,1.0,0.0
639,1954-04-01,1,0,0,0.05,1.0,0.010122232355967282
640,1954-05-01,1,0,0,0.05,1.0,0.05433095201348253
641,1954-06-01,1,0,0,0.05,1.0,0.08248817359456473
642,1954-07-01,1,0,0,0.05,1.0,0.11383216967900098
643,1954-08-01,1,0,0,0.05,1.0,0.12532389817766265
644,1954-09-01,1,0,0,0.05,1.0,0.17427908433796907
645,1954-10-01,1,0,0,0.05,1.0,0.11714442716966969
646,1954-11-01,1,0,0,0.05,1.0,0.0
647,1954-12-01,1,0,0,0.05,1.0,0.0
648,1955-01-01,1,0,0,0.05,1.0,0.0
649,1955-02-01,1,0,0,0.05,1.0,0.0
650,1955-03-01,1,0,0,0.05,1.0,0.0
651,1955-04-01,1,0,0,0.05,1.0,0.0012097755830133604
652,1955-05-01,1,0,0,0.05,1.0,0.15847831815522195
653,1955-06-01,1,0,0,0.05,1.0,0.15151383941162663
654,1955-07-01,1,0,0,0.05,1.0,0.1883025564498975
655,1955-08-01,1,0,0,0.05,1.0,0.18311581944398855
656,1955-09-01,1,0,0,0.05,1.0,0.1997327982806506
657,1955-10-01,1,0,0,0.05,1.0,0.06966758907183371
658,1955-11-01,1,0,0,0.05,1.0,0.0
659,1955-12-01,1,0,0,0.05,1.0,0.0
660,1956-01-01,1,0,0,0.05,1.0,0.0
661,1956-02-01,1,0,0,0.05,1.0,0.0
662,1956-03-01,1,0,0,0.05,1.0,0.0
663,1956-04-01,1,0,0,0.05,1.0,0.04322874280702517
664,1956-05-01,1,0,0,0.05,1.0,0.11624556937383818
665,1956-06-01,1,0,0,0.05,1.0,0.10402190117939589
666,1956-07-01,1,0,0,0.05,1.0,0.11407496095856663
667,1956-08-01,1,0,0,0.05,1.0,0.14859216272923098
668,1956-09-01,1,0,0,0.05,1.0,0.19117127623440244
669,1956-10-01,1,0,0,0.05,1.0,0.03446775448600485
670,1956-11-01,1,0,0,0.05,1.0,0.0
671,1956-12-01,1,0,0,0.05,1.0,0.0
672,1957-01-01,1,0,0,0.05,1.0,0.0
673,1957-02-01,1,0,0,0.05,1.0,0.0
674,1957-03-01,1,0,0,0.05,1.0,0.0
675,1957-04-01,1,0,0,0.05,1.0,0.05891790425739615
676,1957-05-01,1,0,0,0.05,1.0,0.07194864459646527
677,1957-06-01,1,0,0,0.05,1.0,0.05986534766455283
678,1957-07-01,1,0,0,0.05,1.0,0.06490098076455855
679,1957-08-01,1,0,0,0.05,1.0,0.06549015883311453
680,1957-09-01,1,0,0,0.05,1.0,0.09567364579335988
681,1957-10-01,1,0,0,0.05,1.0,0.07327679981957796
682,1957-11-01,1,0,0,0.05,1.0,0.0
683,1957-12-01,1,0,0,0.05,1.0,0.0
684,1958-01-01,1,0,0,0.05,1.0,0.0
685,1958-02-01,1,0,0,0.05,1.0,0.0
686,1958-03-01,1,0,0,0.05,1.0,0.0
687,1958-04-01,1,0,0,0.05,1.0,0.05619956273513563
688,1958-05-01,1,0,0,0.05,1.0,0.06555409311195642
689,1958-06-01,1,0,0,0.05,1.0,0.08016940669197611
690,1958-07-01,1,0,0,0.05,1.0,0.07822063822773367
691,1958-08-01,1,0,0,0.05,1.0,0.08097142643782107
692,1958-09-01,1,0,0,0.05,1.0,0.0684493933043992
693,1958-10-01,1,0,0,0.05,1.0,0.0021344955340055994
694,1958-11-01,1,0,0,0.05,1.0,0.0
695,1958-12-01,1,0,0,0.05,1.0,0.0
696,1959-01-01,1,0,0,0.05,1.0,0.0
697,1959-02-01,1,0,0,0.05,1.0,0.0
698,1959-03-01,1,0,0,0.05,1.0,0.0
699,1959-04-01,1,0,0,0.05,1.0,0.014684148081962882
700,1959-05-01,1,0,0,0.05,1.0,0.08269010903193655
701,1959-06-01,1,0,0,0.05,1.0,0.06693274377367678
702,1959-07-01,1,0,0,0.05,1.0,0.0893878446367542
703,1959-08-01,1,0,0,0.05,1.0,0.12074140957226774
704,1959-09-01,1,0,0,0.05,1.0,0.1651411287280833
705,1959-10-01,1,0,0,0.05,1.0,0.06138974043354862
706,1959-11-01,1,0,0,0.05,1.0,0.0
707,1959-12-01,1,0,0,0.05,1.0,0.0
708,1960-01-01,1,0,0,0.05,1.0,0.0
709,1960-02-01,1,0,0,0.05,1.0,0.0
710,1960-03-01,1,0,0,0.05,1.0,0.0
711,1960-04-01,1,0,0,0.05,1.0,0.01398279760686736
712,1960-05-01,1,0,0,0.05,1.0,0.12564340662841528
713,1960-06-01,1,0,0,0.05,1.0,0.07574915378902651
714,1960-07-01,1,0,0,0.05,1.0,0.1054125110896287
715,1960-08-01,1,0,0,0.05,1.0,0.13575681734468903
716,1960-09-01,1,0,0,0.05,1.0,0.19473229506878517
717,1960-10-01,1,0,0,0.05,1.0,0.0739314823580969
718,1960-11-01,1,0,0,0.05,1.0,0.0
719,1960-12-01,1,0,0,0.05,1.0,0.0
720,1961-01-01,1,0,0,0.05,1.0,0.0
721,1961-02-01,1,0,0,0.05,1.0,0.0
722,1961-03-01,1,0,0,0.05,1.0,0.0
723,1961-04-01,1,0,0,0.05,1.0,0.009216216535922313
724,1961-05-01,1,0,0,0.05,1.0,0.1203176624164486
725,1961-06-01,1,0,0,0.05,1.0,0.0864084443040181
726,1961-07-01,1,0,0,0.05,1.0,0.11221815256780762
727,1961-08-01,1,0,0,0.05,1.0,0.16134402319700666
728,1961-09-01,1,0,0,0.05,1.0,0.20110546367641047
729,1961-10-01,1,0,0,0.05,1.0,0.07295948627467265
730,1961-11-01,1,0,0,0.05,1.0,0.0
731,1961-12-01,1,0,0,0.05,1.0,0.0
732,1962-01-01,1,0,0,0.05,1.0,0.0
733,1962-02-01,1,0,0,0.05,1.0,0.0
734,1962-03-01,1,0,0,0.05,1.0,0.0
735,1962-04-01,1,0,0,0.05,1.0,0.026538895470630347
736,1962-05-01,1,0,0,0.05,1.0,0.20890798293810947
737,1962-06-01,1,0,0,0.05,1.0,0.1419592147490685
738,1962-07-01,1,0,0,0.05,1.0,0.23008735975183356
739,1962-08-01,1,0,0,0.05,1.0,0.21733625039955037
740,1962-09-01,1,0,0,0.05,1.0,0.20993388076206315
741,1962-10-01,1,0,0,0.05,1.0,0.10846401949181617
742,1962-11-01,1,0,0,0.05,1.0,0.0
743,1962-12-01,1,0,0,0.05,1.0,0.0
744,1963-01-01,1,0,0,0.05,1.0,0.0
745,1963-02-01,1,0,0,0.05,1.0,0.0
746,1963-03-01,1,0,0,0.05,1.0,0.0
747,1963-04-01,1,0,0,0.05,1.0,0.012074519063199177
748,1963-05-01,1,0,0,0.05,1.0,0.14660216996162137
749,1963-06-01,1,0,0,0.05,1.0,0.10886495415815967
750,1963-07-01,1,0,0,0.05,1.0,0.1491460995253425
751,1963-08-01,1,0,0,0.05,1.0,0.18796264444860578
752,1963-09-01,1,0,0,0.05,1.0,0.18394160032462537
753,1963-10-01,1,0,0,0.05,1.0,0.08847409142646692
754,1963-11-01,1,0,0,0.05,1.0,0.0
755,1963-12-01,1,0,0,0.05,1.0,0.0
756,1964-01-01,1,0,0,0.05,1.0,0.0
757,1964-02-01,1,0,0,0.05,1.0,0.0
758,1964-03-01,1,0,0,0.05,1.0,0.0
759,1964-04-01,1,0,0,0.05,1.0,0.0
760,1964-05-01,1,0,0,0.05,1.0,0.11583474077482239
761,1964-06-01,1,0,0,0.05,1.0,0.10666727136674725
762,1964-07-01,1,0,0,0.05,1.0,0.10854730693916412
763,1964-08-01,1,0,0,0.05,1.0,0.13348840962788627
764,1964-09-01,1,0,0,0.05,1.0,0.176818703920253
765,1964-10-01,1,0,0,0.05,1.0,0.10446839312556185
766,1964-11-01,1,0,0,0.05,1.0,0.0
767,1964-12-01,1,0,0,0.05,1.0,0.0
768,1965-01-01,1,0,0,0.05,1.0,0.0
769,1965-02-01,1,0,0,0.05,1.0,0.0
770,1965-03-01,1,0,0,0.05,1.0,0.0
771,1965-04-01,1,0,0,0.05,1.0,0.03147575140197887
772,1965-05-01,1,0,0,0.05,1.0,0.0967144431751575
773,1965-06-01,1,0,0,0.05,1.0,0.08786536324045253
774,1965-07-01,1,0,0,0.05,1.0,0.10187772607638934
775,1965-08-01,1,0,0,0.05,1.0,0.12645190565540565
776,1965-09-01,1,0,0,0.05,1.0,0.18122448128455554
777,1965-10-01,1,0,0,0.05,1.0,0.0556221414481377
778,1965-11-01,1,0,0,0.05,1.0,0.0
779,1965-12-01,1,0,0,0.05,1.0,0.0
780,1966-01-01,1,0,0,0.05,1.0,0.0
781,1966-02-01,1,0,0,0.05,1.0,0.0
782,1966-03-01,1,0,0,0.05,1.0,0.0
783,1966-04-01,1,0,0,0.05,1.0,0.008755788374685547
784,1966-05-01,1,0,0,0.05,1.0,0.16125047921096997
785,1966-06-01,1,0,0,0.05,1.0,0.09773224247302327
786,1966-07-01,1,0,0,0.05,1.0,0.10435075711506228
787,1966-08-01,1,0,0,0.05,1.0,0.09180424539171209
788,1966-09-01,1,0,0,0.05,1.0,0.10264850942715492
789,1966-10-01,1,0,0,0.05,1.0,0.05839862028521767
790,1966-11-01,1,0,0,0.05,1.0,0.0
791,1966-12-01,1,0,0,0.05,1.0,0.0
792,1967-01-01,1,0,0,0.05,1.0,0.0
793,1967-02-01,1,0,0,0.05,1.0,0.0
794,1967-03-01,1,0,0,0.05,1.0,0.0
795,1967-04-01,1,0,0,0.05,1.0,0.048085042629393254
796,1967-05-01,1,0,0,0.05,1.0,0.11834501561222982
797,1967-06-01,1,0,0,0.05,1.0,0.08275699965351486
798,1967-07-01,1,0,0,0.05,1.0,0.1441823115202503
799,1967-08-01,1,0,0,0.05,1.0,0.2012433205297968
800,1967-09-01,1,0,0,0.05,1.0,0.17332043545478434
801,1967-10-01,1,0,0,0.05,1.0,0.0725112431255601
802,1967-11-01,1,0,0,0.05,1.0,0.0
803,1967-12-01,1,0,0,0.05,1.0,0.0
804,1968-01-01,1,0,0,0.05,1.0,0.0
805,1968-02-01,1,0,0,0.05,1.0,0.0
806,1968-03-01,1,0,0,0.05,1.0,0.0
807,1968-04-01,1,0,0,0.05,1.0,0.019342967740658933
808,1968-05-01,1,0,0,0.05,1.0,0.17104284604367678
809,1968-06-01,1,0,0,0.05,1.0,0.10432866366638166
810,1968-07-01,1,0,0,0.05,1.0,0.09681163806372375
811,1968-08-01,1,0,0,0.05,1.0,0.1096504940093941
812,1968-09-01,1,0,0,0.05,1.0,0.10536468638074703
813,1968-10-01,1,0,0,0.05,1.0,0.010591421612895995
814,1968-11-01,1,0,0,0.05,1.0,0.0
815,1968-12-01,1,0,0,0.05,1.0,0.0
816,1969-01-01,1,0,0,0.05,1.0,0.0
817,1969-02-01,1,0,0,0.05,1.0,0.0
818,1969-03-01,1,0,0,0.05,1.0,0.0
819,1969-04-01,1,0,0,0.05,1.0,0.05677397874659417
820,1969-05-01,1,0,0,0.05,1.0,0.0528841079846085
821,1969-06-01,1,0,0,0.05,1.0,0.061763166931425445
822,1969-07-01,1,0,0,0.05,1.0,0.07255509998893205
823,1969-08-01,1,0,0,0.05,1.0,0.09966497448267478
824,1969-09-01,1,0,0,0.05,1.0,0.0913106662663966
825,1969-10-01,1,0,0,0.05,1.0,0.0764612525299963
826,1969-11-01,1,0,0,0.05,1.0,0.0
827,1969-12-01,1,0,0,0.05,1.0,0.0
828,1970-01-01,1,0,0,0.05,1.0,0.0
829,1970-02-01,1,0,0,0.05,1.0,0.0
830,1970-03-01,1,0,0,0.05,1.0,0.0
831,1970-04-01,1,0,0,0.05,1.0,0.019720888154850576
832,1970-05-01,1,0,0,0.05,1.0,0.0658745256927246
833,1970-06-01,1,0,0,0.05,1.0,0.08346788575526068
834,1970-07-01,1,0,0,0.05,1.0,0.08021940797834312
835,1970-08-01,1,0,0,0.05,1.0,0.09527484891197327
836,1970-09-01,1,0,0,0.05,1.0,0.1187058643637211
837,1970-10-01,1,0,0,0.05,1.0,0.005002657036613508
838,1970-11-01,1,0,0,0.05,1.0,0.0
839,1970-12-01,1,0,0,0.05,1.0,0.0
840,1971-01-01,1,0,0,0.05,1.0,0.0
841,1971-02-01,1,0,0,0.05,1.0,0.0
842,1971-03-01,1,0,0,0.05,1.0,0.0
843,1971-04-01,1,0,0,0.05,1.0,0.008070132014617537
844,1971-05-01,1,0,0,0.05,1.0,0.08265046926360073
845,1971-06-01,1,0,0,0.05,1.0,0.06201577252743349
846,1971-07-01,1,0,0,0.05,1.0,0.07092371554007446
847,1971-08-01,1,0,0,0.05,1.0,0.09876187649871976
848,1971-09-01,1,0,0,0.05,1.0,0.1585715249578236
849,1971-10-01,1,0,0,0.05,1.0,0.06960473455104801
850,1971-11-01,1,0,0,0.05,1.0,0.0
851,1971-12-01,1,0,0,0.05,1.0,0.0
852,1972-01-01,1,0,0,0.05,1.0,0.0
853,1972-02-01,1,0,0,0.05,1.0,0.0
854,1972-03-01,1,0,0,0.05,1.0,0.0
855,1972-04-01,1,0,0,0.05,1.0,0.0
856,1972-05-01,1,0,0,0.05,1.0,0.09754921451280218
857,1972-06-01,1,0,0,0.05,1.0,0.061537596471682575
858,1972-07-01,1,0,0,0.05,1.0,0.07563697204823128
859,1972-08-01,1,0,0,0.05,1.0,0.08814556389678678
860,1972-09-01,1,0,0,0.05,1.0,0.13921317115093623
861,1972-10-01,1,0,0,0.05,1.0,0.06761298626658822
862,1972-11-01,1,0,0,0.05,1.0,0.0
863,1972-12-01,1,0,0,0.05,1.0,0.0
864,1973-01-01,1,0,0,0.05,1.0,0.0
865,1973-02-01,1,0,0,0.05,1.0,0.0
866,1973-03-01,1,0,0,0.05,1.0,0.0
867,1973-04-01,1,0,0,0.05,1.0,0.06015682684399263
868,1973-05-01,1,0,0,0.05,1.0,0.06823113927627145
869,1973-06-01,1,0,0,0.05,1.0,0.09060401252041547
870,1973-07-01,1,0,0,0.05,1.0,0.09968684548662125
871,1973-08-01,1,0,0,0.05,1.0,0.13945164866823861
872,1973-09-01,1,0,0,0.05,1.0,0.13720226373085723
873,1973-10-01,1,0,0,0.05,1.0,0.05508115300852044
874,1973-11-01,1,0,0,0.05,1.0,0.0
875,1973-12-01,1,0,0,0.05,1.0,0.0
876,1974-01-01,1,0,0,0.05,1.0,0.0
877,1974-02-01,1,0,0,0.05,1.0,0.0
878,1974-03-01,1,0,0,0.05,1.0,0.0
879,1974-04-01,1,0,0,0.05,1.0,0.05550619377911864
880,1974-05-01,1,0,0,0.05,1.0,0.07250466233797137
881,1974-06-01,1,0,0,0.05,1.0,0.07105344188870759
882,1974-07-01,1,0,0,0.05,1.0,0.08040691451886064
883,1974-08-01,1,0,0,0.05,1.0,0.08314931525966687
884,1974-09-01,1,0,0,0.05,1.0,0.07522835735909073
885,1974-10-01,1,0,0,0.05,1.0,0.03903769486421466
886,1974-11-01,1,0,0,0.05,1.0,0.0
887,1974-12-01,1,0,0,0.05,1.0,0.0
888,1975-01-01,1,0,0,0.05,1.0,0.0
889,1975-02-01,1,0,0,0.05,1.0,0.0
890,1975-03-01,1,0,0,0.05,1.0,0.0
891,1975-04-01,1,0,0,0.05,1.0,0.02630441069074621
892,1975-05-01,1,0,0,0.05,1.0,0.09593024821393042
893,1975-06-01,1,0,0,0.05,1.0,0.07540538367956433
894,1975-07-01,1,0,0,0.05,1.0,0.07562701779269773
895,1975-08-01,1,0,0,0.05,1.0,0.09728512476813278
896,1975-09-01,1,0,0,0.05,1.0,0.09006962851868133
897,1975-10-01,1,0,0,0.05,1.0,0.048174972393043365
898,1975-11-01,1,0,0,0.05,1.0,0.0
899,1975-12-01,1,0,0,0.05,1.0,0.0
900,1976-01-01,1,0,0,0.05,1.0,0.0
901,1976-02-01,1,0,0,0.05,1.0,0.0
902,1976-03-01,1,0,0,0.05,1.0,0.0
903,1976-04-01,1,0,0,0.05,1.0,0.05476333926172883
904,1976-05-01,1,0,0,0.05,1.0,0.07453701036562124
905,1976-06-01,1,0,0,0.05,1.0,0.08443304553128578
906,1976-07-01,1,0,0,0.05,1.0,0.08578610998585884
907,1976-08-01,1,0,0,0.05,1.0,0.08794549164967044
908,1976-09-01,1,0,0,0.05,1.0,0.10667996494112184
909,1976-10-01,1,0,0,0.05,1.0,0.05025859016902338
910,1976-11-01,1,0,0,0.05,1.0,0.0
911,1976-12-01,1,0,0,0.05,1.0,0.0
912,1977-01-01,1,0,0,0.05,1.0,0.0
913,1977-02-01,1,0,0,0.05,1.0,0.0
914,1977-03-01,1,0,0,0.05,1.0,0.0
915,1977-04-01,1,0,0,0.05,1.0,0.008004328286816902
916,1977-05-01,1,0,0,0.05,1.0,0.10958385709082341
917,1977-06-01,1,0,0,0.05,1.0,0.10948540413962397
918,1977-07-01,1,0,0,0.05,1.0,0.09943757984837334
919,1977-08-01,1,0,0,0.05,1.0,0.0723373010300307
920,1977-09-01,1,0,0,0.05,1.0,0.14478494566279343
921,1977-10-01,1,0,0,0.05,1.0,0.0883504416510681
922,1977-11-01,1,0,0,0.05,1.0,0.0
923,1977-12-01,1,0,0,0.05,1.0,0.0
924,1978-01-01,1,0,0,0.05,1.0,0.0
925,1978-02-01,1,0,0,0.05,1.0,0.0
926,1978-03-01,1,0,0,0.05,1.0,0.0
927,1978-04-01,1,0,0,0.05,1.0,0.07105864189149838
928,1978-05-01,1,0,0,0.05,1.0,0.08665834380396874
929,1978-06-01,1,0,0,0.05,1.0,0.10295158169948158
930,1978-07-01,1,0,0,0.05,1.0,0.09450388960620291
931,1978-08-01,1,0,0,0.05,1.0,0.10107829280980332
932,1978-09-01,1,0,0,0.05,1.0,0.12929315041618814
933,1978-10-01,1,0,0,0.05,1.0,0.056527875858677634
934,1978-11-01,1,0,0,0.05,1.0,0.0
935,1978-12-01,1,0,0,0.05,1.0,0.0
936,1979-01-01,1,0,0,0.05,1.0,0.0
937,1979-02-01,1,0,0,0.05,1.0,0.0
938,1979-03-01,1,0,0,0.05,1.0,0.0
939,1979-04-01,1,0,0,0.05,1.0,0.048306917405861634
940,1979-05-01,1,0,0,0.05,1.0,0.1088780566786714
941,1979-06-01,1,0,0,0.05,1.0,0.09964564208976859
942,1979-07-01,1,0,0,0.05,1.0,0.09951931430642103
943,1979-08-01,1,0,0,0.05,1.0,0.10747291638437614
944,1979-09-01,1,0,0,0.05,1.0,0.09226496693621292
945,1979-10-01,1,0,0,0.05,1.0,0.13801252881912435
946,1979-11-01,1,0,0,0.05,1.0,0.003692698719375746
947,1979-12-01,1,0,0,0.05,1.0,0.0
948,1980-01-01,1,0,0,0.05,1.0,0.0
949,1980-02-01,1,0,0,0.05,1.0,0.0
950,1980-03-01,1,0,0,0.05,1.0,0.0
951,1980-04-01,1,0,0,0.05,1.0,0.06614710884048162
952,1980-05-01,1,0,0,0.05,1.0,0.06235423263152897
953,1980-06-01,1,0,0,0.05,1.0,0.09100630602256947
954,1980-07-01,1,0,0,0.05,1.0,0.09255993742357357
955,1980-08-01,1,0,0,0.05,1.0,0.11181844022074568
956,1980-09-01,1,0,0,0.05,1.0,0.10467277030785381
957,1980-10-01,1,0,0,0.05,1.0,0.09043964896268772
958,1980-11-01,1,0,0,0.05,1.0,0.0
959,1980-12-01,1,0,0,0.05,1.0,0.0
960,1981-01-01,1,0,0,0.05,1.0,0.0
961,1981-02-01,1,0,0,0.05,1.0,0.0
962,1981-03-01,1,0,0,0.05,1.0,0.0
963,1981-04-01,1,0,0,0.05,1.0,0.021405509320331494
964,1981-05-01,1,0,0,0.05,1.0,0.07697040930228807
965,1981-06-01,1,0,0,0.05,1.0,0.09992142831554225
966,1981-07-01,1,0,0,0.05,1.0,0.1500728517882252
967,1981-08-01,1,0,0,0.05,1.0,0.17883039461678715
968,1981-09-01,1,0,0,0.05,1.0,0.16287834705070775
969,1981-10-01,1,0,0,0.05,1.0,0.10776434488282031
970,1981-11-01,1,0,0,0.05,1.0,0.0
971,1981-12-01,1,0,0,0.05,1.0,0.0
972,1982-01-01,1,0,0,0.05,1.0,0.0
973,1982-02-01,1,0,0,0.05,1.0,0.0
974,1982-03-01,1,0,0,0.05,1.0,0.0
975,1982-04-01,1,0,0,0.05,1.0,0.009725505055360503
976,1982-05-01,1,0,0,0.05,1.0,0.14563864000795027
977,1982-06-01,1,0,0,0.05,1.0,0.12167631586724398
978,1982-07-01,1,0,0,0.05,1.0,0.196161860925903
979,1982-08-01,1,0,0,0.05,1.0,0.16929549512990757
980,1982-09-01,1,0,0,0.05,1.0,0.16550600589281297
981,1982-10-01,1,0,0,0.05,1.0,0.017680781750032574
982,1982-11-01,1,0,0,0.05,1.0,0.0
983,1982-12-01,1,0,0,0.05,1.0,0.0
984,1983-01-01,1,0,0,0.05,1.0,0.0
985,1983-02-01,1,0,0,0.05,1.0,0.0
986,1983-03-01,1,0,0,0.05,1.0,0.0
987,1983-04-01,1,0,0,0.05,1.0,0.06404800786065665
988,1983-05-01,1,0,0,0.05,1.0,0.08155215757519951
989,1983-06-01,1,0,0,0.05,1.0,0.05501546258751382
990,1983-07-01,1,0,0,0.05,1.0,0.07060781648912764
991,1983-08-01,1,0,0,0.05,1.0,0.10969681782553278
992,1983-09-01,1,0,0,0.05,1.0,0.15498213033877362
993,1983-10-01,1,0,0,0.05,1.0,0.027985727166066694
994,1983-11-01,1,0,0,0.05,1.0,0.0
995,1983-12-01,1,0,0,0.05,1.0,0.0
996,1984-01-01,1,0,0,0.05,1.0,0.0
997,1984-02-01,1,0,0,0.05,1.0,0.0
998,1984-03-01,1,0,0,0.05,1.0,0.0
999,1984-04-01,1,0,0,0.05,1.0,0.02030429952737821
1000,1984-05-01,1,0,0,0.05,1.0,0.13286735393218693
1001,1984-06-01,1,0,0,0.05,1.0,0.0838427249677676
1002,1984-07-01,1,0,0,0.05,1.0,0.11095649750353745
1003,1984-08-01,1,0,0,0.05,1.0,0.1347857935679625
1004,1984-09-01,1,0,0,0.05,1.0,0.11121057784105565
1005,1984-10-01,1,0,0,0.05,1.0,0.042597860405276036
1006,1984-11-01,1,0,0,0.05,1.0,0.0
1007,1984-12-01,1,0,0,0.05,1.0,0.0
1008,1985-01-01,1,0,0,0.05,1.0,0.0
1009,1985-02-01,1,0,0,0.05,1.0,0.0
1010,1985-03-01,1,0,0,0.05,1.0,0.0
1011,1985-04-01,1,0,0,0.05,1.0,0.0
1012,1985-05-01,1,0,0,0.05,1.0,0.06960008586699892
1013,1985-06-01,1,0,0,0.05,1.0,0.10222147652542651
1014,1985-07-01,1,0,0,0.05,1.0,0.09859296878385922
1015,1985-08-01,1,0,0,0.05,1.0,0.11740442223945136
1016,1985-09-01,1,0,0,0.05,1.0,0.1809357019614824
1017,1985-10-01,1,0,0,0.05,1.0,0.0513904786360108
1018,1985-11-01,1,0,0,0.05,1.0,0.0
1019,1985-12-01,1,0,0,0.05,1.0,0.0
1020,1986-01-01,1,0,0,0.05,1.0,0.0
1021,1986-02-01,1,0,0,0.05,1.0,0.0
1022,1986-03-01,1,0,0,0.05,1.0,0.0
1023,1986-04-01,1,0,0,0.05,1.0,0.0
1024,1986-05-01,1,0,0,0.05,1.0,0.09052564087117451
1025,1986-06-01,1,0,0,0.05,1.0,0.07867258325807887
1026,1986-07-01,1,0,0,0.05,1.0,0.10907703880840973
1027,1986-08-01,1,0,0,0.05,1.0,0.14463093775092833
1028,1986-09-01,1,0,0,0.05,1.0,0.16173352279512876
1029,1986-10-01,1,0,0,0.05,1.0,0.07993913351052888
1030,1986-11-01,1,0,0,0.05,1.0,0.0
1031,1986-12-01,1,0,0,0.05,1.0,0.0
1032,1987-01-01,1,0,0,0.05,1.0,0.0
1033,1987-02-01,1,0,0,0.05,1.0,0.0
1034,1987-03-01,1,0,0,0.05,1.0,0.0
1035,1987-04-01,1,0,0,0.05,1.0,0.054036577360454544
1036,1987-05-01,1,0,0,0.05,1.0,0.06981741729041799
1037,1987-06-01,1,0,0,0.05,1.0,0.08118687741986375
1038,1987-07-01,1,0,0,0.05,1.0,0.09740482530162839
1039,1987-08-01,1,0,0,0.05,1.0,0.08928234319649564
1040,1987-09-01,1,0,0,0.05,1.0,0.09985058047009776
1041,1987-10-01,1,0,0,0.05,1.0,0.10090341593258705
1042,1987-11-01,1,0,0,0.05,1.0,0.0
1043,1987-12-01,1,0,0,0.05,1.0,0.0
1044,1988-01-01,1,0,0,0.05,1.0,0.0
1045,1988-02-01,1,0,0,0.05,1.0,0.0
1046,1988-03-01,1,0,0,0.05,1.0,0.0
1047,1988-04-01,1,0,0,0.05,1.0,0.05731373675202128
1048,1988-05-01,1,0,0,0.05,1.0,0.11091958178927826
1049,1988-06-01,1,0,0,0.05,1.0,0.11065910687905509
1050,1988-07-01,1,0,0,0.05,1.0,0.09826507885721952
1051,1988-08-01,1,0,0,0.05,1.0,0.11721815001936844
1052,1988-09-01,1,0,0,0.05,1.0,0.10807588478327693
1053,1988-10-01,1,0,0,0.05,1.0,0.011532661621451161
1054,1988-11-01,1,0,0,0.05,1.0,0.0
1055,1988-12-01,1,0,0,0.05,1.0,0.0
1056,1989-01-01,1,0,0,0.05,1.0,0.0
1057,1989-02-01,1,0,0,0.05,1.0,0.0
1058,1989-03-01,1,0,0,0.05,1.0,0.0
1059,1989-04-01,1,0,0,0.05,1.0,0.052050668448294236
1060,1989-05-01,1,0,0,0.05,1.0,0.06769208649090047
1061,1989-06-01,1,0,0,0.05,1.0,0.10244407429911163
1062,1989-07-01,1,0,0,0.05,1.0,0.09673264854740143
1063,1989-08-01,1,0,0,0.05,1.0,0.10382530802078432
1064,1989-09-01,1,0,0,0.05,1.0,0.1028972350775648
1065,1989-10-01,1,0,0,0.05,1.0,0.06266799396564757
1066,1989-11-01,1,0,0,0.05,1.0,0.0
1067,1989-12-01,1,0,0,0.05,1.0,0.0
1068,1990-01-01,1,0,0,0.05,1.0,0.0
1069,1990-02-01,1,0,0,0.05,1.0,0.0
1070,1990-03-01,1,0,0,0.05,1.0,0.0
1071,1990-04-01,1,0,0,0.05,1.0,0.07335689597218796
1072,1990-05-01,1,0,0,0.05,1.0,0.053176352153943805
1073,1990-06-01,1,0,0,0.05,1.0,0.08342916992807223
1074,1990-07-01,1,0,0,0.05,1.0,0.11386256200276633
1075,1990-08-01,1,0,0,0.05,1.0,0.18824225156079205
1076,1990-09-01,1,0,0,0.05,1.0,0.18888684523928048
1077,1990-10-01,1,0,0,0.05,1.0,0.06086708544122789
1078,1990-11-01,1,0,0,0.05,1.0,0.0
1079,1990-12-01,1,0,0,0.05,1.0,0.0
1080,1991-01-01,1,0,0,0.05,1.0,0.0
1081,1991-02-01,1,0,0,0.05,1.0,0.0
1082,1991-03-01,1,0,0,0.05,1.0,0.0
1083,1991-04-01,1,0,0,0.05,1.0,0.07402747753773177
1084,1991-05-01,1,0,0,0.05,1.0,0.06183187648742374
1085,1991-06-01,1,0,0,0.05,1.0,0.06529116375102881
1086,1991-07-01,1,0,0,0.05,1.0,0.07462204102106032
1087,1991-08-01,1,0,0,0.05,1.0,0.09198690415608368
1088,1991-09-01,1,0,0,0.05,1.0,0.11900556152810193
1089,1991-10-01,1,0,0,0.05,1.0,0.056774570755674846
1090,1991-11-01,1,0,0,0.05,1.0,0.0
1091,1991-12-01,1,0,0,0.05,1.0,0.0
1092,1992-01-01,1,0,0,0.05,1.0,0.0
1093,1992-02-01,1,0,0,0.05,1.0,0.0
1094,1992-03-01,1,0,0,0.05,1.0,0.0
1095,1992-04-01,1,0,0,0.05,1.0,0.006060501911897664
1096,1992-05-01,1,0,0,0.05,1.0,0.10244278310938498
1097,1992-06-01,1,0,0,0.05,1.0,0.10301960694045023
1098,1992-07-01,1,0,0,0.05,1.0,0.11348665094634121
1099,1992-08-01,1,0,0,0.05,1.0,0.11772651775693001
1100,1992-09-01,1,0,0,0.05,1.0,0.14693505311190513
1101,1992-10-01,1,0,0,0.05,1.0,0.006417483895015404
1102,1992-11-01,1,0,0,0.05,1.0,0.0
1103,1992-12-01,1,0,0,0.05,1.0,0.0
1104,1993-01-01,1,0,0,0.05,1.0,0.0
1105,1993-02-01,1,0,0,0.05,1.0,0.0
1106,1993-03-01,1,0,0,0.05,1.0,0.0
1107,1993-04-01,1,0,0,0.05,1.0,0.0756414593591706
1108,1993-05-01,1,0,0,0.05,1.0,0.05373920050957303
1109,1993-06-01,1,0,0,0.05,1.0,0.08152990705967181
1110,1993-07-01,1,0,0,0.05,1.0,0.05819511909432598
1111,1993-08-01,1,0,0,0.05,1.0,0.07773801742759874
1112,1993-09-01,1,0,0,0.05,1.0,0.15521794634558148
1113,1993-10-01,1,0,0,0.05,1.0,0.11190739912509416
1114,1993-11-01,1,0,0,0.05,1.0,0.0
1115,1993-12-01,1,0,0,0.05,1.0,0.0
1116,1994-01-01,1,0,0,0.05,1.0,0.0
1117,1994-02-01,1,0,0,0.05,1.0,0.0
1118,1994-03-01,1,0,0,0.05,1.0,0.0
1119,1994-04-01,1,0,0,0.05,1.0,0.06955428605426818
1120,1994-05-01,1,0,0,0.05,1.0,0.07229873422688574
1121,1994-06-01,1,0,0,0.05,1.0,0.10031236418029815
1122,1994-07-01,1,0,0,0.05,1.0,0.09525034250012027
1123,1994-08-01,1,0,0,0.05,1.0,0.11025360252970115
1124,1994-09-01,1,0,0,0.05,1.0,0.10037317710597857
1125,1994-10-01,1,0,0,0.05,1.0,0.054171960672302136
1126,1994-11-01,1,0,0,0.05,1.0,0.0
1127,1994-12-01,1,0,0,0.05,1.0,0.0
1128,1995-01-01,1,0,0,0.05,1.0,0.0
1129,1995-02-01,1,0,0,0.05,1.0,0.0
1130,1995-03-01,1,0,0,0.05,1.0,0.0
1131,1995-04-01,1,0,0,0.05,1.0,0.07566715547945924
1132,1995-05-01,1,0,0,0.05,1.0,0.06591275986232967
1133,1995-06-01,1,0,0,0.05,1.0,0.09840211585470422
1134,1995-07-01,1,0,0,0.05,1.0,0.08682010435283673
1135,1995-08-01,1,0,0,0.05,1.0,0.11192033639102916
1136,1995-09-01,1,0,0,0.05,1.0,0.1559051542973525
1137,1995-10-01,1,0,0,0.05,1.0,0.07989197771145791
1138,1995-11-01,1,0,0,0.05,1.0,0.0
1139,1995-12-01,1,0,0,0.05,1.0,0.0
1140,1996-01-01,1,0,0,0.05,1.0,0.0
1141,1996-02-01,1,0,0,0.05,1.0,0.0
1142,1996-03-01,1,0,0,0.05,1.0,0.0
1143,1996-04-01,1,0,0,0.05,1.0,0.028074443497403175
1144,1996-05-01,1,0,0,0.05,1.0,0.05065797480458472
1145,1996-06-01,1,0,0,0.05,1.0,0.072168237377894
1146,1996-07-01,1,0,0,0.05,1.0,0.07911678989372377
1147,1996-08-01,1,0,0,0.05,1.0,0.10346849294967697
1148,1996-09-01,1,0,0,0.05,1.0,0.13253316726293185
1149,1996-10-01,1,0,0,0.05,1.0,0.005872750949397442
1150,1996-11-01,1,0,0,0.05,1.0,0.0
1151,1996-12-01,1,0,0,0.05,1.0,0.0
1152,1997-01-01,1,0,0,0.05,1.0,0.0
1153,1997-02-01,1,0,0,0.05,1.0,0.0
1154,1997-03-01,1,0,0,0.05,1.0,0.0
1155,1997-04-01,1,0,0,0.05,1.0,0.05415268807913594
1156,1997-05-01,1,0,0,0.05,1.0,0.053079459482095075
1157,1997-06-01,1,0,0,0.05,1.0,0.07242489521151935
1158,1997-07-01,1,0,0,0.05,1.0,0.06771747377621545
1159,1997-08-01,1,0,0,0.05,1.0,0.08128684712436623
1160,1997-09-01,1,0,0,0.05,1.0,0.07713567122673892
1161,1997-10-01,1,0,0,0.05,1.0,0.038423156649082094
1162,1997-11-01,1,0,0,0.05,1.0,0.0
1163,1997-12-01,1,0,0,0.05,1.0,0.0
1164,1998-01-01,1,0,0,0.05,1.0,0.0
1165,1998-02-01,1,0,0,0.05,1.0,0.0
1166,1998-03-01,1,0,0,0.05,1.0,0.0
1167,1998-04-01,1,0,0,0.05,1.0,0.06711365749061993
1168,1998-05-01,1,0,0,0.05,1.0,0.052270281930146746
1169,1998-06-01,1,0,0,0.05,1.0,0.07539520306620497
1170,1998-07-01,1,0,0,0.05,1.0,0.11049762786876921
1171,1998-08-01,1,0,0,0.05,1.0,0.1882558876788898
1172,1998-09-01,1,0,0,0.05,1.0,0.1858124596561249
1173,1998-10-01,1,0,0,0.05,1.0,0.07725818107618437
1174,1998-11-01,1,0,0,0.05,1.0,0.0
1175,1998-12-01,1,0,0,0.05,1.0,0.0
1176,1999-01-01,1,0,0,0.05,1.0,0.0
1177,1999-02-01,1,0,0,0.05,1.0,0.0
1178,1999-03-01,1,0,0,0.05,1.0,0.0
1179,1999-04-01,1,0,0,0.05,1.0,0.03297158452940897
1180,1999-05-01,1,0,0,0.05,1.0,0.07587087697318867
1181,1999-06-01,1,0,0,0.05,1.0,0.09845264197078837
1182,1999-07-01,1,0,0,0.05,1.0,0.10695907435399854
1183,1999-08-01,1,0,0,0.05,1.0,0.13598500107515868
1184,1999-09-01,1,0,0,0.05,1.0,0.17312298097013865
1185,1999-10-01,1,0,0,0.05,1.0,0.060519434237796495
1186,1999-11-01,1,0,0,0.05,1.0,0.0
1187,1999-12-01,1,0,0,0.05,1.0,0.0
1188,2000-01-01,1,0,0,0.05,1.0,0.0
1189,2000-02-01,1,0,0,0.05,1.0,0.0
1190,2000-03-01,1,0,0,0.05,1.0,0.0
1191,2000-04-01,1,0,0,0.05,1.0,0.052415560810907806
1192,2000-05-01,1,0,0,0.05,1.0,0.08044159996725299
1193,2000-06-01,1,0,0,0.05,1.0,0.06272110789476239
1194,2000-07-01,1,0,0,0.05,1.0,0.09066545600621044
1195,2000-08-01,1,0,0,0.05,1.0,0.15349949622474446
1196,2000-09-01,1,0,0,0.05,1.0,0.18021845899174033
1197,2000-10-01,1,0,0,0.05,1.0,0.07797621813254133
1198,2000-11-01,1,0,0,0.05,1.0,0.0
1199,2000-12-01,1,0,0,0.05,1.0,0.0
1200,2001-01-01,1,0,0,0.05,1.0,0.0
1201,2001-02-01,1,0,0,0.05,1.0,0.0
1202,2001-03-01,1,0,0,0.05,1.0,0.0
1203,2001-04-01,1,0,0,0.05,1.0,0.03923940466587645
1204,2001-05-01,1,0,0,0.05,1.0,0.087726003405654
1205,2001-06-01,1,0,0,0.05,1.0,0.060842886680046636
1206,2001-07-01,1,0,0,0.05,1.0,0.104125150031189
1207,2001-08-01,1,0,0,0.05,1.0,0.1341109085164165
1208,2001-09-01,1,0,0,0.05,1.0,0.12646868490968277
1209,2001-10-01,1,0,0,0.05,1.0,0.050136768429156556
1210,2001-11-01,1,0,0,0.05,1.0,0.0
1211,2001-12-01,1,0,0,0.05,1.0,0.0
1212,2002-01-01,1,0,0,0.05,1.0,0.0
1213,2002-02-01,1,0,0,0.05,1.0,0.0
1214,2002-03-01,1,0,0,0.05,1.0,0.0
1215,2002-04-01,1,0,0,0.05,1.0,0.010417116845259632
1216,2002-05-01,1,0,0,0.05,1.0,0.10842487434156868
1217,2002-06-01,1,0,0,0.05,1.0,0.06041483464366538
1218,2002-07-01,1,0,0,0.05,1.0,0.11697403525404457
1219,2002-08-01,1,0,0,0.05,1.0,0.1476698295361326
1220,2002-09-01,1,0,0,0.05,1.0,0.17612812371052905
1221,2002-10-01,1,0,0,0.05,1.0,0.13438895507778365
1222,2002-11-01,1,0,0,0.05,1.0,0.004909171924335213
1223,2002-12-01,1,0,0,0.05,1.0,0.0
1224,2003-01-01,1,0,0,0.05,1.0,0.0
1225,2003-02-01,1,0,0,0.05,1.0,0.0
1226,2003-03-01,1,0,0,0.05,1.0,0.0
1227,2003-04-01,1,0,0,0.05,1.0,0.036366305128106124
1228,2003-05-01,1,0,0,0.05,1.0,0.05191113131037982
1229,2003-06-01,1,0,0,0.05,1.0,0.06059470964995793
1230,2003-07-01,1,0,0,0.05,1.0,0.10210679243111764
1231,2003-08-01,1,0,0,0.05,1.0,0.13556322325662978
1232,2003-09-01,1,0,0,0.05,1.0,0.17522096386746472
1233,2003-10-01,1,0,0,0.05,1.0,0.12504734441551793
1234,2003-11-01,1,0,0,0.05,1.0,0.0
1235,2003-12-01,1,0,0,0.05,1.0,0.0
1236,2004-01-01,1,0,0,0.05,1.0,0.0
1237,2004-02-01,1,0,0,0.05,1.0,0.0
1238,2004-03-01,1,0,0,0.05,1.0,0.0
1239,2004-04-01,1,0,0,0.05,1.0,0.06796703222916103
1240,2004-05-01,1,0,0,0.05,1.0,0.08921443039770044
1241,2004-06-01,1,0,0,0.05,1.0,0.07268398732962783
1242,2004-07-01,1,0,0,0.05,1.0,0.07357946427071538
1243,2004-08-01,1,0,0,0.05,1.0,0.06451680948537983
1244,2004-09-01,1,0,0,0.05,1.0,0.12235653560399228
1245,2004-10-01,1,0,0,0.05,1.0,0.07645604055015973
1246,2004-11-01,1,0,0,0.05,1.0,0.0
1247,2004-12-01,1,0,0,0.05,1.0,0.0
1248,2005-01-01,1,0,0,0.05,1.0,0.0
1249,2005-02-01,1,0,0,0.05,1.0,0.0
1250,2005-03-01,1,0,0,0.05,1.0,0.0
1251,2005-04-01,1,0,0,0.05,1.0,0.0579447267731845
1252,2005-05-01,1,0,0,0.05,1.0,0.08841657249853109
1253,2005-06-01,1,0,0,0.05,1.0,0.10076225840613925
1254,2005-07-01,1,0,0,0.05,1.0,0.14670312502929475
1255,2005-08-01,1,0,0,0.05,1.0,0.0892182165593806
1256,2005-09-01,1,0,0,0.05,1.0,0.150007681644129
1257,2005-10-01,1,0,0,0.05,1.0,0.08950799430006265
1258,2005-11-01,1,0,0,0.05,1.0,0.0
1259,2005-12-01,1,0,0,0.05,1.0,0.0
1260,2006-01-01,1,0,0,0.05,1.0,0.0
1261,2006-02-01,1,0,0,0.05,1.0,0.0
1262,2006-03-01,1,0,0,0.05,1.0,0.0
1263,2006-04-01,1,0,0,0.05,1.0,0.024004670380665838
1264,2006-05-01,1,0,0,0.05,1.0,0.07624498557924894
1265,2006-06-01,1,0,0,0.05,1.0,0.05753550343643488
1266,2006-07-01,1,0,0,0.05,1.0,0.08822135952830865
1267,2006-08-01,1,0,0,0.05,1.0,0.12153121222684148
1268,2006-09-01,1,0,0,0.05,1.0,0.11214607507140076
1269,2006-10-01,1,0,0,0.05,1.0,0.09560490273685049
1270,2006-11-01,1,0,0,0.05,1.0,0.0
1271,2006-12-01,1,0,0,0.05,1.0,0.0
1272,2007-01-01,1,0,0,0.05,1.0,0.0
1273,2007-02-01,1,0,0,0.05,1.0,0.0
1274,2007-03-01,1,0,0,0.05,1.0,0.0
1275,2007-04-01,1,0,0,0.05,1.0,0.03277801143527365
1276,2007-05-01,1,0,0,0.05,1.0,0.053105219194086395
1277,2007-06-01,1,0,0,0.05,1.0,0.08708814887240396
1278,2007-07-01,1,0,0,0.05,1.0,0.11494115307485087
1279,2007-08-01,1,0,0,0.05,1.0,0.13909423084168018
1280,2007-09-01,1,0,0,0.05,1.0,0.171425291818366
1281,2007-10-01,1,0,0,0.05,1.0,0.07077333093924673
1282,2007-11-01,1,0,0,0.05,1.0,0.0
1283,2007-12-01,1,0,0,0.05,1.0,0.0
1284,2008-01-01,1,0,0,0.05,1.0,0.0
1285,2008-02-01,1,0,0,0.05,1.0,0.0
1286,2008-03-01,1,0,0,0.05,1.0,0.0
1287,2008-04-01,1,0,0,0.05,1.0,0.053320446256960446
1288,2008-05-01,1,0,0,0.05,1.0,0.13011886031979042
1289,2008-06-01,1,0,0,0.05,1.0,0.10516787084973289
1290,2008-07-01,1,0,0,0.05,1.0,0.1798634160807967
1291,2008-08-01,1,0,0,0.05,1.0,0.1864134667142858
1292,2008-09-01,1,0,0,0.05,1.0,0.17125952007305761
1293,2008-10-01,1,0,0,0.05,1.0,0.06632107104627219
1294,2008-11-01,1,0,0,0.05,1.0,0.0
1295,2008-12-01,1,0,0,0.05,1.0,0.0
1296,2009-01-01,1,0,0,0.05,1.0,0.0
1297,2009-02-01,1,0,0,0.05,1.0,0.0
1298,2009-03-01,1,0,0,0.05,1.0,0.0
1299,2009-04-01,1,0,0,0.05,1.0,0.051311520588013394
1300,2009-05-01,1,0,0,0.05,1.0,0.09860817740238308
1301,2009-06-01,1,0,0,0.05,1.0,0.08224691900838398
1302,2009-07-01,1,0,0,0.05,1.0,0.06815039358661945
1303,2009-08-01,1,0,0,0.05,1.0,0.10078463532717268
1304,2009-09-01,1,0,0,0.05,1.0,0.11129742807405466
1305,2009-10-01,1,0,0,0.05,1.0,0.09760335682768718
1306,2009-11-01,1,0,0,0.05,1.0,0.0
1307,2009-12-01,1,0,0,0.05,1.0,0.0
1308,2010-01-01,1,0,0,0.05,1.0,0.0
1309,2010-02-01,1,0,0,0.05,1.0,0.0
1310,2010-03-01,1,0,0,0.05,1.0,0.0
1311,2010-04-01,1,0,0,0.05,1.0,0.03808852775179071
1312,2010-05-01,1,0,0,0.05,1.0,0.06823371926515695
1313,2010-06-01,1,0,0,0.05,1.0,0.08487363681172627
1314,2010-07-01,1,0,0,0.05,1.0,0.11526925953730344
1315,2010-08-01,1,0,0,0.05,1.0,0.11380987794141734
1316,2010-09-01,1,0,0,0.05,1.0,0.1461470980350346
1317,2010-10-01,1,0,0,0.05,1.0,0.08427993956267144
1318,2010-11-01,1,0,0,0.05,1.0,0.0
1319,2010-12-01,1,0,0,0.05,1.0,0.0
1320,2011-01-01,1,0,0,0.05,1.0,0.0
1321,2011-02-01,1,0,0,0.05,1.0,0.0
1322,2011-03-01,1,0,0,0.05,1.0,0.0
1323,2011-04-01,1,0,0,0.05,1.0,0.043992183689086424
1324,2011-05-01,1,0,0,0.05,1.0,0.07357937828547581
1325,2011-06-01,1,0,0,0.05,1.0,0.08563654701714657
1326,2011-07-01,1,0,0,0.05,1.0,0.09782446165073458
1327,2011-08-01,1,0,0,0.05,1.0,0.12695337380945299
1328,2011-09-01,1,0,0,0.05,1.0,0.1085477206003218
1329,2011-10-01,1,0,0,0.05,1.0,0.08720624109560839
1330,2011-11-01,1,0,0,0.05,1.0,0.0
1331,2011-12-01,1,0,0,0.05,1.0,0.0
1332,2012-01-01,1,0,0,0.05,1.0,0.0
1333,2012-02-01,1,0,0,0.05,1.0,0.0
1334,2012-03-01,1,0,0,0.05,1.0,0.0
1335,2012-04-01,1,0,0,0.05,1.0,0.06479745801721577
1336,2012-05-01,1,0,0,0.05,1.0,0.05756475629966994
1337,2012-06-01,1,0,0,0.05,1.0,0.08870073652161445
1338,2012-07-01,1,0,0,0.05,1.0,0.08774409052102103
1339,2012-08-01,1,0,0,0.05,1.0,0.1046930966138597
1340,2012-09-01,1,0,0,0.05,1.0,0.13804139324951611
1341,2012-10-01,1,0,0,0.05,1.0,0.05338585301634635
1342,2012-11-01,1,0,0,0.05,1.0,0.0
1343,2012-12-01,1,0,0,0.05,1.0,0.0
1344,2013-01-01,1,0,0,0.05,1.0,0.0
1345,2013-02-01,1,0,0,0.05,1.0,0.0
1346,2013-03-01,1,0,0,0.05,1.0,0.0
1347,2013-04-01,1,0,0,0.05,1.0,0.0
1348,2013-05-01,1,0,0,0.05,1.0,0.07723315453484965
1349,2013-06-01,1,0,0,0.05,1.0,0.05355218801784265
1350,2013-07-01,1,0,0,0.05,1.0,0.07463982272292433
1351,2013-08-01,1,0,0,0.05,1.0,0.08799447828171214
1352,2013-09-01,1,0,0,0.05,1.0,0.1360965918486322
1353,2013-10-01,1,0,0,0.05,1.0,0.11619897414255304
1354,2013-11-01,1,0,0,0.05,1.0,0.00028108167896406236
1355,2013-12-01,1,0,0,0.05,1.0,0.0
1356,2014-01-01,1,0,0,0.05,1.0,0.0
1357,2014-02-01,1,0,0,0.05,1.0,0.0
1358,2014-03-01,1,0,0,0.05,1.0,0.0
1359,2014-04-01,1,0,0,0.05,1.0,0.0531394310021275
1360,2014-05-01,1,0,0,0.05,1.0,0.06902669836208808
1361,2014-06-01,1,0,0,0.05,1.0,0.11452058894529565
1362,2014-07-01,1,0,0,0.05,1.0,0.2103375521594481
1363,2014-08-01,1,0,0,0.05,1.0,0.162967660957816
1364,2014-09-01,1,0,0,0.05,1.0,0.19230515366429696
1365,2014-10-01,1,0,0,0.05,1.0,0.07152470451716827
1366,2014-11-01,1,0,0,0.05,1.0,0.0
1367,2014-12-01,1,0,0,0.05,1.0,0.0
1368,2015-01-01,1,0,0,0.05,1.0,0.0
1369,2015-02-01,1,0,0,0.05,1.0,0.0
1370,2015-03-01,1,0,0,0.05,1.0,0.0
1371,2015-04-01,1,0,0,0.05,1.0,0.04927170352934246
1372,2015-05-01,1,0,0,0.05,1.0,0.05834345389036005
1373,2015-06-01,1,0,0,0.05,1.0,0.06669446858354694
1374,2015-07-01,1,0,0,0.05,1.0,0.09421139395734894
1375,2015-08-01,1,0,0,0.05,1.0,0.14550392517153019
1376,2015-09-01,1,0,0,0.05,1.0,0.2067255328555285
1377,2015-10-01,1,0,0,0.05,1.0,0.1352959669047792
1378,2015-11-01,1,0,0,0.05,1.0,0.0001943306034995156
1379,2015-12-01,1,0,0,0.05,1.0,0.0
