time,year,month,air_temperature_celsius,precipitation_mm,shortwave_radiation_wm2,vapor_pressure_pa
1950-02-01,1950,2,-28.10458636965069,7.073948317078305,41.05846478174603,38.585816649440936
1950-03-01,1950,3,-8.497208105107745,7.263160195531526,103.41613431112455,232.13040615601133
1950-04-01,1950,4,-4.167729632059718,6.2446212444946525,193.3109899691358,305.6793323641586
1950-05-01,1950,5,6.187832953340262,32.509989747136814,233.9695221027479,587.8348728649651
1950-06-01,1950,6,12.746009763081872,38.11957226665541,242.31558024691358,927.3151230207907
1950-07-01,1950,7,16.12973380140079,73.44588560306065,237.534340651135,1171.81874845135
1950-08-01,1950,8,13.844575931179918,19.588987573019523,188.37901284348865,973.7879293223532
1950-09-01,1950,9,6.564169544643846,61.729755104032336,97.24232988522377,698.7619833014668
1950-10-01,1950,10,-4.863470048801844,21.961172056322198,46.87166674824741,322.3208958807871
1950-11-01,1950,11,-20.449836921691883,31.240908935163958,11.79029475308642,88.8981233351726
1950-12-01,1950,12,-19.095307085590946,19.508045212830893,1.2707078853046594,104.99007804339463
1951-01-01,1951,1,-26.660241313647163,18.328947724850053,6.4467517921146955,51.1445860017031
1951-02-01,1951,2,-19.351857793898773,35.11219367550922,30.682687665343916,93.55035918105924
1951-03-01,1951,3,-19.39142597567647,11.811362701731554,104.14829087853289,86.54293199449654
1951-04-01,1951,4,-1.9829349729749879,11.007362479293903,180.51795293209875,381.8151171012239
1951-05-01,1951,5,6.7393650629187505,26.151876908567573,250.85369250298686,601.7531394632026
1951-06-01,1951,6,11.6273910734389,89.28731257188716,254.29335185185184,846.0886282134542
1951-07-01,1951,7,14.208876648769603,66.73804274268846,211.4221833930705,1099.1132042922213
1951-08-01,1951,8,13.40150302763908,71.95393906925673,160.78175104540023,1033.6771343830671
1951-09-01,1951,9,6.7402837965223625,48.20818271026894,95.82891280826522,698.2644731185297
1951-10-01,1951,10,-7.22905375572941,20.709786222329996,50.97514484774682,245.8283733934243
1951-11-01,1951,11,-11.393614069620753,21.232555793901042,10.31520524691358,205.11594127949562
1951-12-01,1951,12,-21.502412582725583,42.29104304441478,1.2166860812425329,82.91355485067461
1952-01-01,1952,1,-25.021877444687675,26.25566406245028,6.472670250896058,52.9602809759302
1952-02-01,1952,2,-18.908948402843237,8.273991474329279,35.31904374201788,100.13097537766545
1952-03-01,1952,3,-14.086815610495933,10.76469191796292,100.60975651420857,148.50593546990746
1952-04-01,1952,4,-4.924368900722925,23.176748656510426,192.93983719135804,295.3234422619959
1952-05-01,1952,5,1.4577314192248991,30.77842504935191,241.75154345878136,455.4966756280022
1952-06-01,1952,6,12.003942044576036,126.22020353840213,235.06262808641975,995.4250182846454
1952-07-01,1952,7,13.704940373410466,85.5221995206854,187.28674581839905,1102.1540644902796
1952-08-01,1952,8,10.07712026616582,63.582283121792926,145.05909722222222,904.3316279130895
1952-09-01,1952,9,3.2184142642551024,59.15287623379939,95.08517361111112,566.798761082584
1952-10-01,1952,10,-2.249216994418873,30.207327132188766,44.196096016395046,398.041542499947
1952-11-01,1952,11,-9.63745825025768,19.842870269485502,9.730657407407408,231.91421647681284
1952-12-01,1952,12,-17.400727233066334,4.028180805562442,1.354937275985663,113.53385568739837
1953-01-01,1953,1,-25.529767325616632,5.167529739196652,6.694018817204301,49.372363973238336
1953-02-01,1953,2,-15.827801881517644,10.05229809110375,29.534905753968253,131.26318107275284
1953-03-01,1953,3,-14.675882187709988,12.61401911183313,107.11792347168551,142.59493568438614
1953-04-01,1953,4,-1.2374379263983428,13.83401802626949,185.45144907407408,357.66420260200266
1953-05-01,1953,5,7.403678327991145,41.59092670757403,218.6372020609319,643.8681254446866
1953-06-01,1953,6,14.06677858564592,106.37009426013933,225.50633796296296,1088.9493222216133
1953-07-01,1953,7,14.816318171511455,100.68762951686949,222.870445041816,1188.1264976387838
1953-08-01,1953,8,11.703267321022622,97.95454247259272,144.28442502986857,980.4577036916477
1953-09-01,1953,9,5.778653717041038,52.631114616772834,99.05803021315586,706.4994851235693
1953-10-01,1953,10,-5.672944111977813,19.385923021179252,47.41607850944127,289.275909076208
1953-11-01,1953,11,-16.372945594787552,1.1028300892235166,12.778347222222223,122.78768124228488
1953-12-01,1953,12,-18.85506487610516,5.141506608591584,1.3613694743130227,102.12312616373643
1954-01-01,1954,1,-23.671972553704364,16.666521577882065,5.749644563918758,62.455582439019715
1954-02-01,1954,2,-25.489427244095566,9.810054538586854,39.03394510582011,52.75464098866415
1954-03-01,1954,3,-10.76568742157309,16.779803193365694,100.35523857590688,188.27696337725445
1954-04-01,1954,4,-6.651640658908377,6.533488865215986,197.89942746913582,237.34323699327314
1954-05-01,1954,5,7.2568002188077685,31.692646007442704,243.80320788530466,573.5684589799635
1954-06-01,1954,6,12.076372994316955,83.96848340966301,239.98576543209876,927.2479970083389
1954-07-01,1954,7,12.99625098115655,122.18096169957704,184.10460349462366,1052.0233027837858
1954-08-01,1954,8,12.04343679694722,67.46235824599722,157.00457586618876,1038.478944699338
1954-09-01,1954,9,4.4350765016343985,53.85076791809951,100.33959261670525,608.1690969836864
1954-10-01,1954,10,-2.224853999640345,10.498081344174182,48.47652662935793,355.72221773556726
1954-11-01,1954,11,-11.230703120761405,12.417532645748963,11.26205401234568,196.12216005157987
1954-12-01,1954,12,-26.989061142295895,17.66398751120235,1.3930301672640382,48.51200422205426
1955-01-01,1955,1,-16.135448160479143,16.647566850526374,5.932204301075269,128.0276530128273
1955-02-01,1955,2,-23.1384951909383,22.295367588831994,31.96548115079365,64.94784658093786
1955-03-01,1955,3,-13.23968810624973,30.08918470260724,97.84130040924181,156.46914523506652
1955-04-01,1955,4,-7.7964636696709135,15.623127692908412,185.16905401234567,237.3880266142595
1955-05-01,1955,5,4.468546003936467,60.41204557898894,230.36185558542414,544.5524003298178
1955-06-01,1955,6,10.393017853630909,141.21587820058323,212.9230200617284,869.9844177911873
1955-07-01,1955,7,14.59685929411205,57.657781617823645,220.86757915173237,1142.6139457666718
1955-08-01,1955,8,10.032570406185698,128.98248465011974,149.55315337514935,880.7371190617353
1955-09-01,1955,9,4.698026869032162,55.162486827519785,93.05676099292143,654.1024271525127
1955-10-01,1955,10,-6.359734373195181,22.50312621352535,42.850599490841375,293.57419036090755
1955-11-01,1955,11,-21.873119460211825,13.911266165095526,11.926512345679013,73.41918848598942
1955-12-01,1955,12,-23.363691834480505,52.446695066066695,1.292423835125448,66.89953924881456
1956-01-01,1956,1,-26.412821525655744,16.417193342100234,5.484024790919952,48.43286900656241
1956-02-01,1956,2,-22.963696762611107,27.074228033200143,31.035831736909323,70.6780150772646
1956-03-01,1956,3,-15.063410678986543,18.085929151141045,105.23086522474938,130.6038243239695
1956-04-01,1956,4,-3.1565435621473057,14.837487235798363,190.96929783950617,326.8703599041502
1956-05-01,1956,5,5.710347563220637,65.25281011564132,222.04306376941457,600.4061967308741
1956-06-01,1956,6,11.308332485622827,101.46394114250512,231.5267762345679,959.396339917818
1956-07-01,1956,7,14.382763737504206,77.18380327364827,208.93709453405017,1161.7115066099275
1956-08-01,1956,8,11.034456281764562,129.48688727788493,130.9082773297491,1054.7749386738858
1956-09-01,1956,9,4.178707355923166,68.19507026672511,89.85920589795525,593.5560492404363
1956-10-01,1956,10,-10.912683581280419,26.953155387136718,46.13784876377922,197.8810686456861
1956-11-01,1956,11,-19.548567093743202,31.025270378506775,11.031685185185186,99.65682411104665
1956-12-01,1956,12,-27.71880169530067,7.7319800334016975,1.4223043608124253,45.0440623990549
1957-01-01,1957,1,-14.710564471829287,61.265518627237725,4.431061827956989,148.44480171897087
1957-02-01,1957,2,-19.191781175704193,36.797499857925686,35.19875330687831,95.65389636338863
1957-03-01,1957,3,-9.852611656599152,11.070525147264476,102.77300763311352,205.06944137150515
1957-04-01,1957,4,-1.9593833711412003,7.0042197768351855,189.5260462962963,379.3420213780555
1957-05-01,1957,5,5.083597314485985,33.21564906876873,238.6275821385902,573.3881741855482
1957-06-01,1957,6,15.125778897603368,56.351006989267205,275.39168827160495,1065.5426581357824
1957-07-01,1957,7,14.624809150285614,74.26827154175797,222.56044429510155,1099.1306221100551
1957-08-01,1957,8,14.276151849890311,28.581080464995523,168.2004861111111,1111.6718757074095
1957-09-01,1957,9,5.650153160095215,53.30668446145026,92.91169420331791,647.0821483431395
1957-10-01,1957,10,-3.0326862048077032,40.83170223585242,43.046950693802735,399.38159843808097
1957-11-01,1957,11,-10.42640054490829,19.403915073485933,10.178185185185185,217.22542919068079
1957-12-01,1957,12,-24.854341498754337,6.751156940520531,1.303336320191159,60.18404215627774
1958-01-01,1958,1,-16.232674580235596,18.306468354598593,5.476021505376344,128.91302111086412
1958-02-01,1958,2,-17.02770323526289,4.59415473545377,37.81180968915344,106.00082535645659
1958-03-01,1958,3,-10.266867188484412,17.258293207834896,102.05179308654871,209.25897011854286
1958-04-01,1958,4,-1.7421409818861093,18.885273670740332,189.5158572530864,375.40887517052136
1958-05-01,1958,5,6.303729711553103,46.33382936801311,231.19018891875746,584.8437555027256
1958-06-01,1958,6,14.986590660942966,45.84572762243866,244.99302314814815,966.1174485140997
1958-07-01,1958,7,15.540912923505232,66.75374894136255,216.13560185185185,1086.07468533565
1958-08-01,1958,8,12.70476325660627,68.19124252331576,169.02316233572282,1013.1841619567589
1958-09-01,1958,9,4.499115350511374,46.08504452839313,99.09350209780092,632.6721576562776
1958-10-01,1958,10,-11.462739649126604,44.154120488844484,48.09850534764954,194.09657085474464
1958-11-01,1958,11,-16.907323879665796,19.094853328663675,10.727351851851852,128.52352209932388
1958-12-01,1958,12,-17.531628979918764,11.622464158161705,1.4186409796893669,106.65838538304605
1959-01-01,1959,1,-23.390571873162372,2.990880271127594,6.480507765830346,59.23938463306617
1959-02-01,1959,2,-12.676109854380286,34.250593932199536,31.992543816137566,181.15310437491797
1959-03-01,1959,3,-21.10593083289359,10.05465380885795,106.68733549484928,77.9906849317782
1959-04-01,1959,4,-5.473756111992714,7.338365188267915,185.22137037037038,274.7706268504654
1959-05-01,1959,5,4.783791314401981,67.28180887381541,218.04027031063322,586.6342035205101
1959-06-01,1959,6,13.741726917690698,82.47107743402893,255.81837654320987,988.4796963166725
1959-07-01,1959,7,11.32882951715942,184.21248526401612,168.76948252688172,964.6875054667619
1959-08-01,1959,8,10.578130238030553,51.711138141609325,166.06094608721625,864.2667738966665
1959-09-01,1959,9,4.167175483703659,64.63922007631595,96.69865907118056,634.2087073716848
1959-10-01,1959,10,-4.702716306460786,13.55674126518025,47.15299762958267,293.1979586818624
1959-11-01,1959,11,-12.85512972937687,23.63197813046014,10.327787037037037,171.74813512035996
1959-12-01,1959,12,-21.518472929923746,13.204767407479778,1.3020818399044205,82.73940624726822
1960-01-01,1960,1,-18.136543511831604,30.99894979912321,5.450549581839905,112.09586201421409
1960-02-01,1960,2,-13.278501804395603,6.838059361253812,33.79743374840358,164.46669199732594
1960-03-01,1960,3,-16.652196137623093,4.69243349944648,111.72563448998235,109.06623235354174
1960-04-01,1960,4,-6.69962721930608,15.993839768647433,186.72764043209875,258.6244592199116
1960-05-01,1960,5,8.259189511370948,25.703221097366225,256.8017809139785,597.2252767363639
1960-06-01,1960,6,11.649293878343371,53.34063564879088,246.8723688271605,788.5303614192057
1960-07-01,1960,7,14.33333531041302,137.53802106528212,205.8584520609319,1091.2751188955701
1960-08-01,1960,8,10.698776642994233,83.2209361579217,146.11613649940261,959.2247114053813
1960-09-01,1960,9,3.021112929450169,109.59196984934394,84.66252278645834,588.8313166865175
1960-10-01,1960,10,-6.996703744703723,32.763881599446876,47.87469384707288,303.0365620586127
1960-11-01,1960,11,-18.54236378139916,11.715490971123899,10.639524691358025,108.85052868106526
1960-12-01,1960,12,-12.768960985573358,8.630158170937818,1.2765516726403823,171.68901437544352
1961-01-01,1961,1,-15.263132025605842,6.381735429709323,6.170576463560335,130.03974624200652
1961-02-01,1961,2,-20.582298705691358,5.339910953008342,38.94500082671958,80.47978304784878
1961-03-01,1961,3,-18.556554252870598,4.553719063380868,105.96636446315898,96.44416978415005
1961-04-01,1961,4,-7.166280301411916,25.08451655739563,174.59874845679013,249.39160484152532
1961-05-01,1961,5,6.413346493628751,45.00112574828563,233.77945564516128,584.5593896804362
1961-06-01,1961,6,12.722492133246533,47.56152280287296,225.59240277777778,922.8847873945222
1961-07-01,1961,7,13.3959948098788,111.37242627907895,196.96093787335724,1007.7734708177348
1961-08-01,1961,8,10.550003613707872,109.04126915059464,136.026618130227,943.3710761141961
1961-09-01,1961,9,5.155178472730881,106.81727523622442,88.21386911651234,669.562495905513
1961-10-01,1961,10,-9.367091550109194,45.924039025845076,41.072671118659926,246.00394689513155
1961-11-01,1961,11,-19.707568973965095,16.12352161039965,11.305685185185185,96.76886073382654
1961-12-01,1961,12,-29.0096515450426,24.252630889481708,1.366347072879331,39.9580271718147
1962-01-01,1962,1,-18.543110972578773,25.41730841159051,5.740005973715651,100.53380240446434
1962-02-01,1962,2,-13.497249984741188,23.03649734981761,28.748149801587303,170.3221021231595
1962-03-01,1962,3,-15.30692956985962,27.483137337434016,103.1882790629069,128.14864375341082
1962-04-01,1962,4,-4.9791798273722065,29.619457568685448,179.38789660493828,308.55743709090837
1962-05-01,1962,5,2.617098047400077,42.29012398425169,228.58834304062125,523.6314183406831
1962-06-01,1962,6,12.091694492763963,63.5348739512267,255.77710339506172,874.5863420700132
1962-07-01,1962,7,15.169624213762177,89.59943608418186,203.9684177120669,1133.6421439305466
1962-08-01,1962,8,12.902472699073087,142.16237283055122,151.26984916367982,1098.9829101717364
1962-09-01,1962,9,3.3051189634535376,77.62982872153401,99.17191620852624,573.9008114118611
1962-10-01,1962,10,-2.5248981106665838,12.438119020224292,45.489120856573365,390.9740005379042
1962-11-01,1962,11,-14.627412011888282,9.433193911522864,11.080666666666668,150.27287667068072
1962-12-01,1962,12,-18.97833856151948,28.965660731895326,1.3341039426523298,103.1079999542649
1963-01-01,1963,1,-15.884944722985665,65.05385646232398,4.17227449223417,138.88546046035714
1963-02-01,1963,2,-16.27934898194809,12.383590220487406,31.635109126984126,130.36193142688376
1963-03-01,1963,3,-14.549385267688365,71.26929852637431,94.65387868837928,139.3085369321575
1963-04-01,1963,4,-5.37867813110347,30.96786287075659,172.21819444444444,288.2771307516478
1963-05-01,1963,5,5.8162662218975925,11.697803091603731,258.7749865591398,557.6555678579359
1963-06-01,1963,6,9.102658335367835,120.4460916362109,213.3813348765432,826.7347602164494
1963-07-01,1963,7,12.773017542849345,113.69789839861966,185.1333953106332,1085.9977423948947
1963-08-01,1963,8,11.000856264175923,177.25720915234433,136.52448028673834,1000.5738627078874
1963-09-01,1963,9,5.3396700753106074,22.928798370273284,121.7897887972608,628.6096982064842
1963-10-01,1963,10,-5.270967065134357,35.73480637582094,40.5064467561601,310.07745432476804
1963-11-01,1963,11,-22.38138567606606,3.2776643623222412,12.376141975308641,69.10905150354164
1963-12-01,1963,12,-12.89040972801945,16.022118947148556,1.2245878136200716,164.7071586138067
1964-01-01,1964,1,-23.24669443356092,6.691119762905373,5.6584139784946235,69.36230044591528
1964-02-01,1964,2,-17.092686672868354,23.01277696597026,30.763616698595147,116.76109523767062
1964-03-01,1964,3,-18.958554557061944,7.735699241475658,108.52945269327152,90.23606595858679
1964-04-01,1964,4,-7.103660074869765,34.872259305153364,174.9566188271605,257.985628369753
1964-05-01,1964,5,-0.22223196952569424,45.288015716380414,243.3380032855436,406.71129374595085
1964-06-01,1964,6,12.624978001912439,84.5768339279438,239.77393672839506,966.7342606901667
1964-07-01,1964,7,13.471193526893558,124.7695220277869,201.9426695041816,1120.958035868319
1964-08-01,1964,8,11.516619536697249,80.39629617170974,156.95430331541218,1003.6149980106813
1964-09-01,1964,9,5.104023827446838,43.88427261468664,95.54872055844908,676.8585103882556
1964-10-01,1964,10,-2.4388801123506028,14.876113281687253,36.00558143971214,393.889433310083
1964-11-01,1964,11,-15.332581180996328,20.578264989900674,10.732466049382715,133.3905764139876
1964-12-01,1964,12,-30.39526487370972,22.05375350691341,1.3009214456391875,34.985747753528535
1965-01-01,1965,1,-20.898638399185643,7.385469052486826,6.171553912783751,78.66525076017773
1965-02-01,1965,2,-23.327398749760192,10.789835340023757,35.47803902116402,61.17381205525817
1965-03-01,1965,3,-4.312337190361404,26.655395940743176,81.67625629748638,346.95976447811233
1965-04-01,1965,4,-4.294378428988978,25.727636186193337,169.57551388888888,307.96190915436836
1965-05-01,1965,5,3.2032123975856734,19.629500916948928,237.15210722819594,440.2208019339696
1965-06-01,1965,6,10.38349931504996,100.61324194352395,218.04025308641977,851.1635588836597
1965-07-01,1965,7,13.403565979003929,49.253707575058314,198.06811379928317,1006.0284817000281
1965-08-01,1965,8,9.659104242632509,73.21289295893862,140.0548409498208,881.1532533343501
1965-09-01,1965,9,7.132450209723629,96.47705159725817,91.92565427276234,763.9469129065756
1965-10-01,1965,10,-11.208444710188019,25.107791391658196,44.9451673223753,195.50409262347884
1965-11-01,1965,11,-12.828873782687708,23.764809424559274,11.541942901234568,175.94370705688146
1965-12-01,1965,12,-22.77391270873366,31.00661617861178,1.31546146953405,75.97029582540131
1966-01-01,1966,1,-24.73893950267501,2.203624511480484,6.848744026284349,50.740031394859365
1966-02-01,1966,2,-18.779740851266013,29.733687452225155,33.20347470238095,105.21763785159489
1966-03-01,1966,3,-18.58835367182246,10.679562964092781,102.88536136148652,95.52639999373808
1966-04-01,1966,4,-5.256610912746851,9.653658726712422,199.65333179012345,276.3374223093056
1966-05-01,1966,5,3.7803420282179445,46.342198398370726,214.67625224014336,530.6516443867249
1966-06-01,1966,6,13.373425992329942,71.32502236376936,246.6803935185185,1008.867457431649
1966-07-01,1966,7,14.001413127940225,28.206673199573373,233.144298088411,901.1354034227851
1966-08-01,1966,8,11.858440284318817,37.09790360045062,179.05092219235365,789.312293055384
1966-09-01,1966,9,6.48144957224531,13.698969099873892,105.55970380015432,650.4359256941835
1966-10-01,1966,10,-6.262840467883677,12.459682719622833,45.81466681194419,270.04314399465824
1966-11-01,1966,11,-15.387117025587258,54.66130756309795,9.569152777777777,143.76041194027212
1966-12-01,1966,12,-22.535840077554013,5.465213470209562,1.350731780167264,73.90274244301978
1967-01-01,1967,1,-21.875118616575804,11.599303471353295,5.775197132616487,79.83871450432511
1967-02-01,1967,2,-19.40843511308941,9.433367018420569,33.039268353174606,94.09498589607729
1967-03-01,1967,3,-12.781327126615793,51.20901112583809,95.80585292237349,164.54241035102888
1967-04-01,1967,4,-2.600748591952822,47.56368014702872,161.79686033950617,369.41314314882453
1967-05-01,1967,5,3.2881104335990017,46.49714731733923,232.16375448028674,510.2208669030195
1967-06-01,1967,6,12.958157687717062,64.40777130442754,255.77119135802468,932.4323821765787
1967-07-01,1967,7,12.803693061746571,136.87961884721744,187.31589456391876,1062.9009168491204
1967-08-01,1967,8,12.002660718528205,215.4828804800104,145.146361260454,1070.2070314378552
1967-09-01,1967,9,5.658445188734277,18.424194464216725,112.20318860918209,648.8049369388543
1967-10-01,1967,10,-6.049632689773375,14.351702455407178,47.60796741827414,275.38207900587275
1967-11-01,1967,11,-13.029536247253418,42.390794370305684,10.09459336419753,178.92882213057354
1967-12-01,1967,12,-18.374981164419495,48.88251683221512,1.1759587813620072,113.56214343974963
1968-01-01,1968,1,-21.389746852587592,41.267876703159345,5.198094384707288,85.8436563041177
1968-02-01,1968,2,-18.083218002319313,10.65275568585733,33.17648866538953,106.13885838635001
1968-03-01,1968,3,-9.4988096011582,2.0815166388139517,108.81063783998273,221.29390336757527
1968-04-01,1968,4,-4.14925356970889,20.98659506464884,186.22124845679014,315.2217263332843
1968-05-01,1968,5,3.6165638052007694,47.27030692534839,244.94135827359617,544.8384670733183
1968-06-01,1968,6,11.925817489624023,94.73341827865411,235.8379459876543,997.342479649367
1968-07-01,1968,7,16.36092707726266,40.339403731046275,253.1638082437276,1062.9086519374307
1968-08-01,1968,8,13.414502572500624,59.312754243034504,175.21331466547193,1023.5692644541035
1968-09-01,1968,9,3.794094912211108,24.581548203254755,112.0644497492284,543.0690163679977
1968-10-01,1968,10,-7.900383910312428,10.010271939300708,48.86334189821742,265.5700422078013
1968-11-01,1968,11,-15.540010134379031,12.42725383601595,10.46179475308642,137.53421232352838
1968-12-01,1968,12,-22.3769458155478,36.69444409464262,1.342160991636798,72.07384077524502
1969-01-01,1969,1,-26.164429933281326,15.490575792433958,5.71084229390681,51.73666823032553
1969-02-01,1969,2,-18.916356218428803,3.405691384291032,34.01544146825397,96.88561157617042
1969-03-01,1969,3,-13.016028426795856,13.78097184116811,99.92055518803204,160.08895045027495
1969-04-01,1969,4,-1.511938264634864,4.114494276734604,198.31707793209875,369.0808447468422
1969-05-01,1969,5,6.437947209676111,41.54143875067717,242.06852673237753,532.5893247925212
1969-06-01,1969,6,16.83640196058485,17.537371238390165,279.5349729938272,824.6906040861755
1969-07-01,1969,7,13.232187894595597,107.78641070419681,205.0758288530466,1034.9577851592403
1969-08-01,1969,8,6.809108250115514,107.3479481822055,159.4634109916368,691.6945773065777
1969-09-01,1969,9,6.428533130221922,22.00739619822656,113.81609466628086,675.5648501307048
1969-10-01,1969,10,0.51511552051835,19.94064133270612,46.557903896682724,420.5551290465179
1969-11-01,1969,11,-16.655289798312708,15.247649246834527,11.124182098765433,122.4897286661771
1969-12-01,1969,12,-12.118797806770544,8.201953630155856,1.3121072281959378,183.11106242235786
1970-01-01,1970,1,-23.509378773679003,8.288978610917042,6.552864396654719,63.36210796160529
1970-02-01,1970,2,-13.409918258303662,17.785679243885966,30.570472883597883,159.7998841955971
1970-03-01,1970,3,-9.219773745793134,13.189698749158651,97.43855867966955,226.64470477283663
1970-04-01,1970,4,-4.255039299858936,22.614743616220068,169.5978364197531,297.96211708386795
1970-05-01,1970,5,6.741828352405207,38.79186878407381,235.10325119474314,590.9015666002545
1970-06-01,1970,6,11.032920053270175,96.4614184969328,245.53068827160493,824.130720241108
1970-07-01,1970,7,13.701390961677816,82.43193480930344,213.2588888888889,1063.5324052444114
1970-08-01,1970,8,10.770344773159252,93.70464917632404,146.85199895459976,947.391785097804
1970-09-01,1970,9,1.3277654012044309,48.05303974277919,97.37047077395592,477.61078943989816
1970-10-01,1970,10,-10.365399424235022,49.342954910972736,46.30794196597137,222.65825800805894
1970-11-01,1970,11,-12.566547669304725,61.5984007902739,10.413989197530864,191.02903554277134
1970-12-01,1970,12,-21.859138070383352,70.03330199364655,1.3548596176821983,79.2391592111127
1971-01-01,1971,1,-29.932524334487084,10.04888444530394,6.49663082437276,33.717481583346085
1971-02-01,1971,2,-20.39135898408432,19.43043147082335,31.44167576058201,90.49930029784659
1971-03-01,1971,3,-19.62147617545176,7.333939371548581,109.83277932617115,84.9852680907181
1971-04-01,1971,4,-6.558025741577126,19.406938699507492,184.26112422839506,250.3342516300416
1971-05-01,1971,5,3.358339789605907,29.711580025267637,239.41292936081243,511.01413585853044
1971-06-01,1971,6,14.638820372687462,30.711298672976284,287.42741975308644,818.7051624696095
1971-07-01,1971,7,13.897069488033196,72.16765076817566,209.9426336618877,980.5253830825478
1971-08-01,1971,8,10.870146995462392,132.8822143376307,140.76636574074075,975.4090870185377
1971-09-01,1971,9,4.142439587910985,72.29660462036236,89.58585845419802,646.1024593600529
1971-10-01,1971,10,-6.367281156970591,64.26308742404174,38.70083490250928,325.9220653908939
1971-11-01,1971,11,-17.450582186381013,20.14022381166569,10.757796296296297,123.20613099524105
1971-12-01,1971,12,-19.43759697944884,51.16181313521295,1.2912022102747909,96.37958710416164
1972-01-01,1972,1,-26.224980397378232,29.852568172181293,5.106805555555556,52.376072476082356
1972-02-01,1972,2,-23.57638309522605,5.276086777389111,37.46498962324393,59.81459165621693
1972-03-01,1972,3,-18.89539354796048,15.354016443879459,104.19958087753652,95.47587935399658
1972-04-01,1972,4,-8.739389567904993,18.63394225159354,188.24463734567902,213.61469001848747
1972-05-01,1972,5,4.222500306816528,14.907200293922784,248.36095056750298,532.0211603951763
1972-06-01,1972,6,12.007294972737668,89.33464347702014,238.79820524691357,924.7423696105052
1972-07-01,1972,7,15.650317313081473,67.18918867082735,227.61827658303466,1101.2760386682223
1972-08-01,1972,8,13.041592842020009,79.60245480606787,160.6746229091995,1061.868634593074
1972-09-01,1972,9,3.089369434780565,100.31496108579319,94.97007477334105,561.2672674007687
1972-10-01,1972,10,-6.191867676601589,43.67145776931736,41.02959524840579,323.4938126035293
1972-11-01,1972,11,-14.272992303636329,12.524027678619376,11.368865740740741,158.29176145487753
1972-12-01,1972,12,-17.872792758736523,38.87320419097762,1.2214725209080048,112.86342451791617
1973-01-01,1973,1,-26.263990496563622,13.408986388885324,5.755982676224612,50.39183303530607
1973-02-01,1973,2,-16.957892254420642,2.8830409983875427,39.06544642857143,106.96206824817058
1973-03-01,1973,3,-13.942316395749287,20.925865858149706,95.79035606466314,151.12779180171862
1973-04-01,1973,4,-2.6659957885742074,6.360533937098012,181.84267824074075,359.89453852818474
1973-05-01,1973,5,6.166143835744549,60.53122984856074,228.14591696535246,629.8244420147965
1973-06-01,1973,6,12.034325493706604,100.1495192851678,225.38096759259258,969.5503909413369
1973-07-01,1973,7,13.489650262812177,148.06496033594385,200.63280540621267,1150.6094595712334
1973-08-01,1973,8,9.885605030675094,94.16875590346052,140.74466920549582,926.8575696086183
1973-09-01,1973,9,5.966448063320627,31.872015679105914,109.48004706790124,678.2091620455257
1973-10-01,1973,10,-7.895652578210274,47.07515613284485,42.99503114907687,279.92407182327906
1973-11-01,1973,11,-18.882710435655355,23.638257294557263,10.893350308641976,104.53216855722152
1973-12-01,1973,12,-16.37303480743077,6.863588400616294,1.3879584826762246,123.92889967190887
1974-01-01,1974,1,-23.06406994481239,5.448921138601293,6.547153524492234,62.887844541579156
1974-02-01,1974,2,-26.903813493819428,13.515693943475071,35.733098544973544,45.45590683446394
1974-03-01,1974,3,-15.837128251598699,11.072770220643235,107.67323611780165,123.55018813238422
1974-04-01,1974,4,-3.797030830383278,17.838728928801117,193.72304320987655,324.94849016889225
1974-05-01,1974,5,5.969735410136593,31.2610787190728,259.01887395459977,539.8716690455885
1974-06-01,1974,6,11.731400214301232,70.26624296061001,245.44482407407406,826.978507323245
1974-07-01,1974,7,14.485121765957103,82.23968651573799,222.80363052568697,1071.3276957710011
1974-08-01,1974,8,12.327074387252992,70.70295313968344,154.2827195340502,1003.3038617331166
1974-09-01,1974,9,8.242129898071312,36.32200387965767,114.17552815152392,727.5557702921607
1974-10-01,1974,10,-8.854080253518987,42.9057633715324,45.40711389463008,226.4904598044709
1974-11-01,1974,11,-17.840258534749324,24.518509172498426,10.659725308641976,118.00190046364243
1974-12-01,1974,12,-22.720819116407796,17.85244876689518,1.2840008960573477,74.13705528063983
1975-01-01,1975,1,-25.417175859020574,26.644604731377086,5.198886648745519,57.22580243473498
1975-02-01,1975,2,-19.177142184121237,3.0426481171161868,34.38670634920635,87.0926213757067
1975-03-01,1975,3,-11.100459305958054,9.879440209992651,98.42805343792003,192.6674896315769
1975-04-01,1975,4,-4.652021620008668,27.69147453309273,176.73694212962963,313.13533724016474
1975-05-01,1975,5,5.95013262430831,44.46366388782508,226.06381197729988,598.6563242563009
1975-06-01,1975,6,12.553152381049301,40.331772456390524,216.73893209876545,895.2191355777032
1975-07-01,1975,7,16.38887740514616,132.864478651868,218.39989396654718,1112.1387310930443
1975-08-01,1975,8,11.366456911640796,102.41684928885064,161.37483796296297,964.9876089129953
1975-09-01,1975,9,5.20203738742407,58.65195931716016,90.22180926890432,658.7825527633329
1975-10-01,1975,10,-6.175439682827175,40.650574228489944,43.508611217485104,307.9590708733696
1975-11-01,1975,11,-20.993796772427004,16.564715329781876,12.927691358024692,85.95712873265649
1975-12-01,1975,12,-24.838207195651137,7.780250284493917,1.517153524492234,60.067117232354356
1976-01-01,1976,1,-20.848659548195428,19.164349173742323,5.129680406212664,85.29322774833545
1976-02-01,1976,2,-24.010922385906326,18.217338984790388,38.95876995530013,61.14152715636033
1976-03-01,1976,3,-12.779958696262781,23.71260031810607,95.71013386944004,168.9778717408917
1976-04-01,1976,4,-1.407831086052738,5.373681499289518,193.2776188271605,373.9042600434317
1976-05-01,1976,5,5.582775718935125,79.03097353383615,207.09033975507765,615.7940192131052
1976-06-01,1976,6,12.848718812730624,37.1849129982067,254.01348919753087,876.0720844336632
1976-07-01,1976,7,15.004292486047234,73.96430088466133,226.81860215053763,1121.7841570999647
1976-08-01,1976,8,14.376724025767373,26.54560599292566,170.86183169056153,1069.608940273101
1976-09-01,1976,9,6.726549635993138,26.276607309622335,110.1544493514579,657.4618803791307
1976-10-01,1976,10,-4.990469832061422,35.235937039050924,44.89686607543143,326.23118278814735
1976-11-01,1976,11,-8.634805658128528,19.595389745308722,10.662641975308642,253.8012320382399
1976-12-01,1976,12,-17.316417952506754,12.247407023881607,1.364220430107527,113.56823073131422
1977-01-01,1977,1,-11.490301841817882,10.15924876421792,5.3997296893667865,195.25876655030427
1977-02-01,1977,2,-11.806944002423961,26.846185689066715,33.08566302910053,192.7927445638287
1977-03-01,1977,3,-15.50465640406452,17.28554600441612,98.21393165287579,133.50546566826762
1977-04-01,1977,4,-5.282225524054638,19.138878773500068,182.25049074074073,293.20854536617895
1977-05-01,1977,5,5.587323535385963,67.8316907707277,218.13695415173237,605.8450147546516
1977-06-01,1977,6,12.627935685051852,135.9415209418806,237.75881327160494,1032.5668661747457
1977-07-01,1977,7,15.009157230008043,70.92574343778324,251.96057945041815,1080.3962892228735
1977-08-01,1977,8,15.661439268050685,54.22334667816031,175.37527329749105,1178.0202232835018
1977-09-01,1977,9,6.298386425442175,116.7325188080639,81.3601799527392,744.7926189835272
1977-10-01,1977,10,-5.563699980704996,26.734849966906893,48.98860251076902,309.5292314658951
1977-11-01,1977,11,-19.6625634935167,5.886494424032662,11.346061728395062,92.81607600087169
1977-12-01,1977,12,-22.643869289275102,19.27447780532887,1.3406257467144564,71.5012591205961
1978-01-01,1978,1,-13.187359791417236,12.989137455939215,5.388364695340502,164.8869887846083
1978-02-01,1978,2,-14.341921120598158,10.415007735183224,35.19170552248677,142.79685759659262
1978-03-01,1978,3,-11.192664086946877,5.5546368110768185,106.07264827131227,178.94929887638648
1978-04-01,1978,4,-2.1828657362195827,10.05976398292674,185.72240740740742,348.85420505393154
1978-05-01,1978,5,6.569809911584343,12.038519352415733,241.1089710274791,541.0517450967585
1978-06-01,1978,6,10.982541953192822,87.25321818818799,207.12837037037036,853.3020404747213
1978-07-01,1978,7,15.635384106379718,59.37036130852036,222.17329823775387,1124.416598059185
1978-08-01,1978,8,13.574905957457872,68.10159127901372,174.41008960573475,997.2302529670561
1978-09-01,1978,9,7.436160532633494,27.643049697100963,97.26126616904176,750.4803798403356
1978-10-01,1978,10,-6.5436222650671425,22.45791535060704,43.71314544420231,271.5177811576846
1978-11-01,1978,11,-11.705308108859583,33.08450279126518,10.497952932098766,194.34246665197935
1978-12-01,1978,12,-15.865967547508944,41.270508417916574,1.106463560334528,139.64478105965614
1979-01-01,1979,1,-16.92444636437199,9.034290275678813,5.438957586618877,119.04684246756477
1979-02-01,1979,2,-25.577313418615404,3.8905462627525367,42.17623842592592,45.49126476968727
1979-03-01,1979,3,-13.655018336798548,32.86290405143788,84.79569527191927,157.96062411655006
1979-04-01,1979,4,-4.689735031127896,35.60932174995912,182.74123225308642,307.19428928884776
1979-05-01,1979,5,7.72334520073349,29.379123599522217,250.0088373655914,634.8002970976868
1979-06-01,1979,6,11.967641237047019,101.61857701614707,230.742762345679,940.8961468680254
1979-07-01,1979,7,14.606861061178279,82.34390103201505,211.3927606033453,1139.9945151388401
1979-08-01,1979,8,14.323852055047155,33.53179713218424,171.78224089008364,1066.7949672061004
1979-09-01,1979,9,6.331247372097437,30.313188740592523,98.32215680459105,699.8524785950116
1979-10-01,1979,10,-0.32907741505607646,30.045073676671308,40.56365303057781,459.5333854171869
1979-11-01,1979,11,-7.496656163533487,40.15905037811507,9.178456790123457,281.7168702777575
1979-12-01,1979,12,-23.78009577925485,18.19655039186685,1.2826881720430108,66.16742919494189
1980-01-01,1980,1,-23.996217001638087,19.471667570048368,5.341353046594982,61.608519387640605
1980-02-01,1980,2,-11.581699007406996,7.841418711979742,35.040586685823754,174.5671435027932
1980-03-01,1980,3,-10.447146479288733,9.366117177968647,106.06612476727156,198.62104372314957
1980-04-01,1980,4,-2.579910299513074,12.746448461371074,183.87430555555557,365.0487661124314
1980-05-01,1980,5,8.086729878251276,55.57124146866954,228.40734692353644,623.8036213311625
1980-06-01,1980,6,12.178347333272313,72.58724391850535,201.2152762345679,934.3117075012848
1980-07-01,1980,7,14.429828672511633,104.86991704314264,205.0536454599761,1110.8416310916114
1980-08-01,1980,8,11.19450695078865,83.6079390818476,150.6965770609319,940.285019857581
1980-09-01,1980,9,2.7664312150743626,43.80711069798693,102.1863758828434,538.5944404471363
1980-10-01,1980,10,-2.0902277341452873,24.614299093020264,46.00357974600479,403.8992431984405
1980-11-01,1980,11,-12.25600304073754,16.11677304731529,10.144925925925927,189.80484163318164
1980-12-01,1980,12,-26.972425021920117,7.645070575581059,1.4122192353643968,43.59543103044021
1981-01-01,1981,1,-7.340431635866878,12.206883751538555,5.362822580645162,267.4306153728343
1981-02-01,1981,2,-15.359491752442864,23.39278704624803,34.09567625661376,134.40040311063834
1981-03-01,1981,3,-5.580125862039495,10.392437542364519,100.58266745071684,289.9047000306919
1981-04-01,1981,4,-4.673199568854443,20.938026928753573,195.4241898148148,295.578764062667
1981-05-01,1981,5,10.026146948209373,34.001153038381915,220.31458109318996,720.5261553738242
1981-06-01,1981,6,12.099810854593954,95.13401113072817,248.37905555555557,785.4782743519471
1981-07-01,1981,7,11.199929768552067,182.0575984510029,154.92965949820788,1078.3071931291609
1981-08-01,1981,8,10.53325307292323,81.44280187099895,165.3198387096774,890.7195385592643
1981-09-01,1981,9,4.014796151055236,35.6346701017749,100.03057272376543,603.9640286229775
1981-10-01,1981,10,-4.475674467189322,27.96710054659357,43.12192215822646,346.20257527214096
1981-11-01,1981,11,-13.97521750132239,22.65437714350682,10.208242283950618,161.32283153627418
1981-12-01,1981,12,-18.69819297790525,16.273364499891585,1.2561992234169654,107.98097378032503
1982-01-01,1982,1,-24.736551912369237,5.029605981992091,6.523717144563919,52.5124002863653
1982-02-01,1982,2,-19.53450193405149,16.99130808824023,35.471230985449736,96.67209791138258
1982-03-01,1982,3,-12.08120946166332,11.48560016878264,99.35804088360092,171.1393592266502
1982-04-01,1982,4,-5.87732183668345,33.160713896162264,175.0794598765432,279.99285136191645
1982-05-01,1982,5,4.224577799151064,54.922276437686435,219.21578853046594,568.8185156777068
1982-06-01,1982,6,12.497228749593148,56.55813798836817,235.6730524691358,926.6446023960024
1982-07-01,1982,7,14.57142180576119,147.08997946753755,185.84986409796895,1195.6622143742281
1982-08-01,1982,8,11.437415531117438,49.98894179786717,147.08610513739546,972.5928442190416
1982-09-01,1982,9,6.830925432841013,54.3057691949258,93.75180972704476,752.1577017539648
1982-10-01,1982,10,-10.968562333301804,54.28185280089437,45.64112842409414,201.38193819063386
1982-11-01,1982,11,-15.433937644958462,30.97029081836311,9.700574845679013,137.29630645535195
1982-12-01,1982,12,-16.038123912196,15.725002134235666,1.3293010752688172,130.16731231226242
1983-01-01,1983,1,-22.915149229316285,11.690198752621228,5.657589605734767,65.62749962703738
1983-02-01,1983,2,-17.106163610730846,3.1592126135571164,33.818176256613754,117.39745072041737
1983-03-01,1983,3,-14.485960818875185,2.499450641305856,107.5226117223195,140.9219219977602
1983-04-01,1983,4,-1.6831072065564854,22.012322542078522,176.82671450617283,386.65951604982547
1983-05-01,1983,5,5.855550610121895,17.566143956209146,256.35342592592593,495.6580955870516
1983-06-01,1983,6,14.237301423814586,49.44241704714614,242.8487037037037,898.7539002405668
1983-07-01,1983,7,15.725347916797944,78.9056177524543,211.65280167264038,1172.9704262314558
1983-08-01,1983,8,10.222672398885095,127.98476518046442,125.78416517323775,945.8954512484033
1983-09-01,1983,9,2.5198741912842024,56.72929354950895,93.77893434124229,523.9401793809672
1983-10-01,1983,10,-8.04610875037406,65.08549286092702,39.32228871234999,273.930255207233
1983-11-01,1983,11,-11.278157064649747,3.7111076908580287,11.520412037037037,191.64839666814805
1983-12-01,1983,12,-16.240894965715256,11.848907883159399,1.3467084826762246,117.52269868312501
1984-01-01,1984,1,-20.39660666270919,20.787185031924338,5.245761648745519,91.50722425428998
1984-02-01,1984,2,-24.001692528560227,19.275291591004162,32.79877873563218,62.33968441522124
1984-03-01,1984,3,-9.860807369601332,4.476392365550197,99.93356806008762,219.85951795443293
1984-04-01,1984,4,-3.973066859775088,13.620077303130529,180.25639274691358,327.5863429573516
1984-05-01,1984,5,5.838840923514454,64.6551750206541,232.06629853643966,611.3421012023456
1984-06-01,1984,6,13.870755767822288,72.0264210921755,249.97084567901234,1107.4683493772066
1984-07-01,1984,7,13.18338634942171,150.9411234170308,169.91789501194742,1159.0186811336625
1984-08-01,1984,8,9.466356347196893,84.98927905602116,131.81088635005975,906.6508170763412
1984-09-01,1984,9,5.5667256249321895,24.99782601016065,115.74698675979802,676.2228152563747
1984-10-01,1984,10,-6.2460276819044225,29.453942665302435,40.672334099043795,291.09348724103074
1984-11-01,1984,11,-17.898080274793813,8.789742197070183,11.352648148148148,110.98354713785986
1984-12-01,1984,12,-18.402722586354884,69.38755345312586,1.1889949223416965,108.88947179986565
1985-01-01,1985,1,-9.522269333049792,22.331384331039317,5.073515531660693,239.03254333637128
1985-02-01,1985,2,-21.95828491846717,26.67235668862844,34.413052248677246,76.14129061015504
1985-03-01,1985,3,-10.233355442170136,22.251503598205602,100.14607043850806,207.67860893926763
1985-04-01,1985,4,-9.059511566162087,14.857188330307025,194.05575154320988,214.642184156543
1985-05-01,1985,5,4.085300187141684,25.14455579305519,253.75673013739546,516.1324464448985
1985-06-01,1985,6,11.184326320224386,109.77082149632622,210.45738580246913,947.0544394627381
1985-07-01,1985,7,14.48607004637364,79.99845335673683,217.32930256869773,1122.1304940067687
1985-08-01,1985,8,10.83188761229161,101.5834115757599,143.9926284348865,965.3465696899026
1985-09-01,1985,9,3.6356344011094848,101.96794136247078,72.58569314236111,643.4466687145762
1985-10-01,1985,10,-9.717040658766223,33.71068629915541,40.10606255425347,236.48238207977167
1985-11-01,1985,11,-17.14419153001569,29.827615788317274,10.73809413580247,117.14301405341816
1985-12-01,1985,12,-10.655527209210106,13.838961984998122,1.257734468339307,213.746545458821
1986-01-01,1986,1,-17.89590890125561,5.2341250442005105,5.7212962962962965,108.01517916659404
1986-02-01,1986,2,-14.62854707354586,11.021428352155027,35.12125909391534,138.45045763584108
1986-03-01,1986,3,-15.968897678006044,8.529329467449998,107.84405480534087,120.91683301408169
1986-04-01,1986,4,-9.114648734198681,5.128878247113278,204.5841026234568,206.78928315870925
1986-05-01,1986,5,5.043182668378279,31.41706043177095,240.46378509557945,512.6315589810507
1986-06-01,1986,6,13.67319564819337,83.41296188549308,242.57003086419752,978.3506996560733
1986-07-01,1986,7,15.257453126804819,114.232377321418,199.46342891278374,1150.9582640655176
1986-08-01,1986,8,10.048435178367072,120.19086800466994,154.34535095579452,915.4944827901227
1986-09-01,1986,9,5.62383713192412,39.710086907955855,93.8556531876929,678.4065626149163
1986-10-01,1986,10,-5.488774055562999,69.8639413073252,43.69056753507225,318.42565654502687
1986-11-01,1986,11,-15.988130484686963,18.05818494147715,11.823695987654322,127.81557156656822
1986-12-01,1986,12,-13.610483448479727,23.064841606938558,1.2084363799283153,168.11380513706362
1987-01-01,1987,1,-17.146181816183116,27.552653844814756,5.699692353643966,117.78875745669592
1987-02-01,1987,2,-15.63351685206095,5.749953036385591,33.537096560846564,132.38403979309518
1987-03-01,1987,3,-12.288516005649342,2.7344134765385775,108.09676205132597,161.266794734937
1987-04-01,1987,4,-3.550260480244958,11.773655419517581,187.08949537037037,327.8618965751365
1987-05-01,1987,5,6.749147854056446,24.173856997602883,250.07821684587813,536.9122502761533
1987-06-01,1987,6,13.549503495958163,60.424878504694135,249.39826697530864,891.6721034506598
1987-07-01,1987,7,15.116088567754275,95.64365790318519,209.90232974910396,1115.0473904285677
1987-08-01,1987,8,11.885560997583582,59.27677392313768,160.0542704599761,981.4312789561079
1987-09-01,1987,9,4.379807451036243,39.80956086509124,101.25251687885803,600.4438139113735
1987-10-01,1987,10,-1.7602565847417395,20.399470547030063,43.02975401008998,419.05927422217337
1987-11-01,1987,11,-15.149761369493262,14.560351232145052,10.358888888888888,143.55541962115663
1987-12-01,1987,12,-17.86053285496206,15.310933742043176,1.2101344086021506,113.73522601076228
1988-01-01,1988,1,-16.9893127072242,14.233972921047666,5.663354241338112,117.39857257894283
1988-02-01,1988,2,-14.65202659080768,8.306784839664516,32.70620450191571,130.8237394417431
1988-03-01,1988,3,-10.650976029262722,9.779510259669166,99.44995612286894,186.54873190708517
1988-04-01,1988,4,-3.033623822530103,6.124985190446353,186.4184598765432,307.834472191027
1988-05-01,1988,5,7.621674371534823,75.33394494273438,187.88094832735962,719.5321860876782
1988-06-01,1988,6,13.690698772006613,111.05666097518707,226.03306018518518,1102.169864683246
1988-07-01,1988,7,15.942197459231181,104.15120102339515,221.5035790023895,1247.995523451274
1988-08-01,1988,8,12.077551326956836,91.10122270013932,134.8391763739546,1054.1505545808636
1988-09-01,1988,9,5.03119981553823,45.704205120749464,99.2693886235555,666.1630966786071
1988-10-01,1988,10,-10.241141977617815,37.505060620290465,45.0776049615092,214.8535897198123
1988-11-01,1988,11,-19.945488039652474,19.21435836475638,10.797043209876543,92.49199815572318
1988-12-01,1988,12,-14.060620022845512,20.76549848692366,1.2224701314217443,158.73544864602871
1989-01-01,1989,1,-29.33520591079545,19.963276039845823,6.440427120669056,40.01792279401926
1989-02-01,1989,2,-13.093806148710655,40.936931076814176,31.30604083994709,149.82828641622606
1989-03-01,1989,3,-16.52998572728967,11.54991190417931,112.27102950338822,106.61083280443867
1989-04-01,1989,4,-0.9281652450561069,7.699664374829496,179.29323070987655,405.6951329872705
1989-05-01,1989,5,5.905525523360097,48.464975405796196,192.57105361409796,609.8904049254536
1989-06-01,1989,6,12.70309003194177,102.07072954447227,228.6581049382716,960.5656653606544
1989-07-01,1989,7,15.566534645326726,45.25147317557554,218.9453800776583,1145.612559546771
1989-08-01,1989,8,13.869703813778472,42.04121025274077,154.59609991039426,1098.5967633161415
1989-09-01,1989,9,6.494143168131529,58.13760604539908,102.01198825713735,693.4792539600239
1989-10-01,1989,10,-5.414925905453231,39.12944431849752,41.82782139494427,302.6027536788244
1989-11-01,1989,11,-21.653207418653665,31.73240782398068,10.331947530864198,81.44795537161616
1989-12-01,1989,12,-14.451474150790943,25.246390795054197,1.279910394265233,151.34228698018933
1990-01-01,1990,1,-22.42858867440171,24.463196368483153,6.363757467144564,72.53317644462238
1990-02-01,1990,2,-28.235826646713974,27.444151676032646,34.19392361111111,40.34327513975691
1990-03-01,1990,3,-8.85215288798014,21.985274013239575,98.85801161753518,221.83816919116856
1990-04-01,1990,4,-0.02258095211448108,10.202539675066902,179.06589506172838,426.9846563540443
1990-05-01,1990,5,9.253025534845165,37.305203804940845,231.7918802270012,747.7116947956231
1990-06-01,1990,6,14.140274132622608,59.70725180942793,246.4067052469136,1016.2090303178786
1990-07-01,1990,7,16.706805575791236,130.44854207132772,219.43737753882914,1203.760878403624
1990-08-01,1990,8,13.417089060301464,113.67234378338509,144.2231369474313,1151.2004717563523
1990-09-01,1990,9,5.107689136929025,81.41016283122582,83.37863720100309,674.6600556326847
1990-10-01,1990,10,-7.227915068595621,20.012636174580933,43.74119394537084,259.35344535871474
1990-11-01,1990,11,-20.589342350429945,46.885987394183815,9.72625462962963,92.69922259647907
1990-12-01,1990,12,-20.607841339931667,77.85060997830584,1.2062514934289128,89.88980034700411
1991-01-01,1991,1,-17.853034903413487,36.93980543486575,5.019744623655914,109.55089291658379
1991-02-01,1991,2,-19.20129278273808,10.324332306442585,35.252279265873014,94.81397615507781
1991-03-01,1991,3,-10.877026231827244,70.78258503485912,84.51573126633961,201.87150713997727
1991-04-01,1991,4,-1.1295284695095233,3.8067784650479553,200.33910570987655,400.3858059961541
1991-05-01,1991,5,7.1650310721448704,35.44637814270146,246.01784124850658,637.1588468102123
1991-06-01,1991,6,14.275975757175047,55.33868186213553,256.1684645061728,972.875234939783
1991-07-01,1991,7,13.765582985006404,98.28765366764358,211.70582287933095,1066.4438308562035
1991-08-01,1991,8,9.86291693410567,116.77008528613797,157.65045773596177,872.1835208327238
1991-09-01,1991,9,7.159445063273154,56.82278310932176,97.27437249680507,742.9000477699554
1991-10-01,1991,10,-4.952304032028337,43.15791173047501,42.9459848433555,332.4947557404965
1991-11-01,1991,11,-17.552522277831997,14.156691189800341,12.789276234567902,106.92465741568094
1991-12-01,1991,12,-18.20606009370536,25.79258515845595,1.3139396654719235,108.76569010654076
1992-01-01,1992,1,-18.01859399528911,19.568738304105437,5.624236857825568,110.29746536156564
1992-02-01,1992,2,-20.162961793219893,23.019649355905614,31.587291666666665,90.29995587593005
1992-03-01,1992,3,-10.22579042578252,13.422949406464824,97.92460880812779,207.45548467080835
1992-04-01,1992,4,-5.844196912977395,42.988146132774574,172.85424151234568,287.7069394707307
1992-05-01,1992,5,1.4772119296494566,65.75431494207962,229.40839456391876,476.1349860705395
1992-06-01,1992,6,13.274714851379429,100.98979836116584,242.49470061728394,1029.6837820572482
1992-07-01,1992,7,15.391726163638566,102.42578070115727,215.85875448028673,1248.2056727603235
1992-08-01,1992,8,12.195089450959244,50.02885768959331,154.00592816606928,986.6255133026806
1992-09-01,1992,9,-2.835292922125916,47.91238954174659,108.9593864278911,361.44898340781685
1992-10-01,1992,10,-8.749258627942766,42.64562058207133,43.874483437395725,254.2313974561841
1992-11-01,1992,11,-11.977615398830835,44.1304108219569,9.277040123456791,187.8178226245776
1992-12-01,1992,12,-20.14730069150204,31.981865001892373,1.2609961170848267,88.84905941550647
1993-01-01,1993,1,-18.152573546542897,73.4890521827829,5.606284348864994,113.88826212323588
1993-02-01,1993,2,-15.389808650243822,12.77151447993674,31.20480076058201,137.7431130486442
1993-03-01,1993,3,-8.664686235817499,13.289605114952252,97.53550184315962,232.4869194141095
1993-04-01,1993,4,0.4240985658433942,2.484117659331986,196.5536334876543,454.2196031872176
1993-05-01,1993,5,7.370533736034133,20.9190725996109,231.177645609319,658.5462374666943
1993-06-01,1993,6,14.35815802680122,97.53369130517697,257.7671712962963,1019.314727825109
1993-07-01,1993,7,16.946738364106864,52.58940779697241,232.69314889486262,1160.6289348840937
1993-08-01,1993,8,11.814091270200663,88.20635523075993,136.41830869175627,983.4911949764947
1993-09-01,1993,9,4.261970901489292,158.19622796010435,81.1487095148534,655.056246958339
1993-10-01,1993,10,-3.398205718173756,36.49692651674741,39.65052677788045,391.0650934748225
1993-11-01,1993,11,-13.55565405951603,38.179937740853376,9.670773148148148,173.74942448836273
1993-12-01,1993,12,-14.408644370622483,17.276939011139802,1.2854584826762245,153.78820001892967
1994-01-01,1994,1,-17.55148419205858,11.73092053939584,5.135524193548387,102.15195202085205
1994-02-01,1994,2,-20.06501158759704,7.7199586693446065,38.560630787037034,85.9405311562602
1994-03-01,1994,3,-13.260990462764596,22.602355715982014,92.17258454207736,159.33143214949723
1994-04-01,1994,4,-2.8177006615532605,16.960074424755334,180.44200771604937,346.5806652132936
1994-05-01,1994,5,8.418980863017453,21.546222451981123,240.63425029868577,597.7414718081448
1994-06-01,1994,6,12.081969070434582,192.05284901590858,205.6969922839506,1015.0624434578618
1994-07-01,1994,7,15.64077603740077,65.31359101775891,218.29165098566307,1249.6036219502919
1994-08-01,1994,8,13.806089778613057,62.74794804124895,150.21455047789726,1108.7152924915815
1994-09-01,1994,9,4.623941506279834,25.697817286761904,103.71341999421297,617.6983879425644
1994-10-01,1994,10,-6.411190045264448,31.172393510011887,42.400475460221124,303.6388984559429
1994-11-01,1994,11,-18.5112020280626,51.736110224709364,9.578493827160495,110.17778556115346
1994-12-01,1994,12,-19.633270768196326,24.94246902136865,1.1938336320191159,97.27259112915851
1995-01-01,1995,1,-18.4330583305769,7.729541004778184,5.594759557945042,104.76894436654382
1995-02-01,1995,2,-16.176288781847234,10.214928564099779,32.354293154761905,125.09872362035051
1995-03-01,1995,3,-15.921807086083163,13.44749450286642,103.31950018232156,125.38333577811437
1995-04-01,1995,4,0.9258880403306762,8.587618233583783,178.89141898148148,464.42691331534354
1995-05-01,1995,5,9.302916832380447,49.36290747847494,232.1071594982079,713.0242697461797
1995-06-01,1995,6,13.146296797858383,109.76631348810884,226.83301080246915,1041.2802925956873
1995-07-01,1995,7,14.77118798532797,68.69472656720887,201.47609692353643,1145.9955419196788
1995-08-01,1995,8,11.528752509496542,121.49412137616267,142.33562275985662,1027.390289669263
1995-09-01,1995,9,9.156524531046557,50.69440692847493,97.2762422357253,852.2932541449566
1995-10-01,1995,10,-4.046402194935752,19.090977595279668,44.16149611004792,348.15064241251605
1995-11-01,1995,11,-15.963023016187833,5.39040882919295,11.735139660493827,125.63742470040626
1995-12-01,1995,12,-20.07758113081735,4.921558703181006,1.3540023894862605,88.49597856057555
1996-01-01,1996,1,-22.551852310344714,12.970376908889136,5.886838410991637,69.83616806363196
1996-02-01,1996,2,-18.351178430140692,43.71807790755611,30.42680795019157,107.85705511512693
1996-03-01,1996,3,-10.765974467287776,25.91334974340853,106.17130626281957,188.69175493498005
1996-04-01,1996,4,-4.31379998524983,7.9151058840238875,199.99198765432098,309.73349355686577
1996-05-01,1996,5,6.597723446097461,12.279754605003745,242.0385543608124,526.585622798945
1996-06-01,1996,6,12.705082130432174,54.11042516030662,263.3707037037037,874.7286949740327
1996-07-01,1996,7,14.779634524929918,75.74105859716695,204.65284050179213,1156.970824870739
1996-08-01,1996,8,9.223967365552028,87.12409653565345,157.21271132019115,833.4705162064093
1996-09-01,1996,9,3.2182423061794907,50.56965798187818,96.4983998119213,575.4846220834908
1996-10-01,1996,10,-13.47094065348307,30.602787252238528,51.23204178175476,167.0387022473176
1996-11-01,1996,11,-16.2910396364,22.046724778178373,10.924566358024691,121.94489848531227
1996-12-01,1996,12,-21.61249490143149,8.46019397656761,1.339820788530466,78.59203538746203
1997-01-01,1997,1,-21.39903486108264,10.932665265176666,6.099195041816009,74.42083625080393
1997-02-01,1997,2,-10.366610227312322,10.109858383980708,33.611092096560846,207.31781465180134
1997-03-01,1997,3,-16.317966165850237,1.4813024678979048,115.40731745894237,111.27485854695982
1997-04-01,1997,4,-2.2660234663221104,10.86884436492852,199.47373148148148,347.359529030634
1997-05-01,1997,5,6.546129173360896,30.280176549737803,231.37456615890085,551.0679823112565
1997-06-01,1997,6,13.952032174004444,84.52539972698148,249.5408827160494,1014.4266167479549
1997-07-01,1997,7,15.724763345205702,82.91193771517413,213.07735588410992,1218.058592987662
1997-08-01,1997,8,12.37272599743261,109.11273568323665,135.93589979091996,1115.5977459285946
1997-09-01,1997,9,7.877495341830809,35.0221828778281,101.11018868152006,814.1948767921418
1997-10-01,1997,10,-10.834216509583143,38.6049341402277,47.201815909929174,206.6589311184322
1997-11-01,1997,11,-11.873003472222194,9.99945792208834,10.920608024691358,190.70079676165352
1997-12-01,1997,12,-19.041508717690732,20.56686297049737,1.2663216845878136,103.604420163883
1998-01-01,1998,1,-21.545795001778515,3.4572637530345673,5.812385005973716,78.43887933853902
1998-02-01,1998,2,-14.35118686131068,4.154776803822813,35.574177414021165,149.43604995154587
1998-03-01,1998,3,-7.7724089796824956,4.152356832854309,105.26931930268537,238.77360754814737
1998-04-01,1998,4,0.909901788499667,12.505128321091519,177.69798379629628,403.63764459441194
1998-05-01,1998,5,7.606726890481923,43.81070521331054,229.4278651433692,609.4922862387671
1998-06-01,1998,6,12.373014047410777,70.3570560059319,221.81925617283952,965.4987706688275
1998-07-01,1998,7,15.006722222605106,85.21500514201819,204.68770758661887,1232.183434446218
1998-08-01,1998,8,9.874174536428143,125.99831298675923,122.15847147550777,933.6767756234354
1998-09-01,1998,9,5.470408036973765,60.5041660095047,97.5773144048997,692.2493112545753
1998-10-01,1998,10,-4.604532520745352,10.654829689627832,51.99341325657342,307.5923557497026
1998-11-01,1998,11,-14.309758610195559,5.212856206430416,11.951623456790124,154.39529656312473
1998-12-01,1998,12,-19.53897151331745,14.448965807726921,1.2500746714456392,94.66987722144579
1999-01-01,1999,1,-23.407833091161564,14.330195325232609,5.571790621266428,65.71552817352963
1999-02-01,1999,2,-24.77969076065787,6.309599615651251,35.75755042989418,57.63277675553553
1999-03-01,1999,3,-13.6319711254489,8.096378564928841,101.74878421049677,151.21531371412476
1999-04-01,1999,4,-3.1053303612602576,18.863909255554034,182.18691280864198,310.9255974003813
1999-05-01,1999,5,5.428325620261603,26.909349460805032,247.92745967741936,504.3994255914663
1999-06-01,1999,6,14.688020239936009,58.747235084965155,242.42844290123458,954.5867394904252
1999-07-01,1999,7,15.032044839346327,88.89148502387201,210.04127464157705,1017.2450655573675
1999-08-01,1999,8,12.946526381790022,67.05691461180407,164.04169578853046,1063.302531752512
1999-09-01,1999,9,5.513964419894762,61.348956864243576,97.80345849609375,660.4429255111806
1999-10-01,1999,10,-8.650333293791732,30.310917535889104,43.88335108366206,257.76154409942154
1999-11-01,1999,11,-18.070560243394624,18.95471359456735,10.960066358024692,113.3010051747625
1999-12-01,1999,12,-23.172000466623587,39.717016250961024,1.3086723416965353,70.19295722942185
2000-01-01,2000,1,-20.436827743694323,54.219060074974124,4.28162037037037,89.96184208867075
2000-02-01,2000,2,-12.086335508850766,10.74715181277952,33.72928480204342,190.6787707617813
2000-03-01,2000,3,-9.111622238159157,9.718852371126019,100.50391710488742,217.40680939708074
2000-04-01,2000,4,-3.81475319332543,5.462367786432054,203.59441589506173,308.7058859652766
2000-05-01,2000,5,3.5061136758455973,58.28518374829628,235.4414829749104,519.9868846543975
2000-06-01,2000,6,13.755834791395444,60.128284234128415,260.6398533950617,1009.9532136525639
2000-07-01,2000,7,13.560812599428289,87.42944270896302,199.2727635902031,1084.0819737575898
2000-08-01,2000,8,8.541469889815176,127.3628802666451,131.15787634408602,863.5650168731065
2000-09-01,2000,9,2.8350827746921254,79.48180378261327,83.18774021026235,607.8025787143066
2000-10-01,2000,10,-7.223239910987104,22.96306388728908,47.040086400933305,276.3283164662534
2000-11-01,2000,11,-10.854408539666053,17.80470363955189,10.966481481481482,209.64037285976207
2000-12-01,2000,12,-13.85167693271427,10.842404391269156,1.3086111111111112,147.5267067359253
2001-01-01,2001,1,-12.229824550177455,13.183584592354691,5.382041517323775,178.8631875274902
2001-02-01,2001,2,-13.019828882671504,16.29936953937161,34.18459656084656,161.61779367438623
2001-03-01,2001,3,-13.739468986757345,17.156494988856963,99.68467742515436,147.74626604227572
2001-04-01,2001,4,-3.149406390719946,14.665849148670418,184.08740586419754,348.46756052025165
2001-05-01,2001,5,3.1133304185764814,60.94033487500994,232.27281287335722,522.669973259019
2001-06-01,2001,6,13.73472230699332,50.887011240831725,252.96635030864198,953.3918928139115
2001-07-01,2001,7,12.903805217948047,110.0948096054708,175.48140456989248,1117.721831112017
2001-08-01,2001,8,11.803449741486588,96.55791860391005,131.7622640382318,1056.8874714686044
2001-09-01,2001,9,6.851051161024316,15.018647939122332,115.16224373070987,732.825403297331
2001-10-01,2001,10,-6.405061549525101,33.441591551980565,40.918063185861605,278.7644660868336
2001-11-01,2001,11,-14.70630435943599,1.4326055507822844,11.309648148148149,141.47485168631135
2001-12-01,2001,12,-20.443428338983978,8.371248750144389,1.3231645758661887,87.26183958242089
2002-01-01,2002,1,-15.273579189341547,26.055612808420392,5.462562724014337,146.0588423183217
2002-02-01,2002,2,-15.349134690420954,5.831554571393838,34.155157903439154,131.90381280170382
2002-03-01,2002,3,-12.185672157041438,4.542605651636222,112.44459891808076,152.6405985013711
2002-04-01,2002,4,-6.215506045023574,80.00231320280093,160.94703935185186,266.01085794352775
2002-05-01,2002,5,6.327527392807838,25.390949600360813,264.95593862007166,528.8437700002476
2002-06-01,2002,6,12.248471366034664,78.95304975517092,244.87451311728395,921.3653918489871
2002-07-01,2002,7,14.145934348978017,111.20769590659307,200.29035692951015,1145.5885254038863
2002-08-01,2002,8,10.39035808194069,119.71335292914631,156.3751485961768,908.1164549217734
2002-09-01,2002,9,6.185488933987131,56.53399579087903,93.68263020833334,744.2337119101757
2002-10-01,2002,10,-1.9157277507166555,34.03168288602387,43.60458350834453,425.4393647393293
2002-11-01,2002,11,-7.508525276184059,6.848131484783693,10.223467592592593,272.94467507230104
2002-12-01,2002,12,-13.749755789643928,8.127047429489664,1.2171460573476702,170.99307689440906
2003-01-01,2003,1,-16.431823148009585,14.480104805269178,6.19625,118.51996193624356
2003-02-01,2003,2,-11.101663584936205,32.49867464142042,30.636350859788358,196.77710250774626
2003-03-01,2003,3,-13.767706237300729,7.139707339792523,106.89245354382368,147.4274504218367
2003-04-01,2003,4,-2.829350005255776,6.201882899130595,193.82257021604937,331.3679295482891
2003-05-01,2003,5,5.878042659964649,22.305274257004015,232.60596326164875,506.31486319703043
2003-06-01,2003,6,13.366762521531882,50.47797759307571,268.0411712962963,828.5726009573233
2003-07-01,2003,7,14.063824754120219,179.57691214805038,192.29971102150537,1095.6239526059821
2003-08-01,2003,8,11.364840731056802,91.27442665199581,157.14042562724015,971.1882212766218
2003-09-01,2003,9,2.834577136569578,49.32830687192791,99.62883405219183,520.0528916687003
2003-10-01,2003,10,0.2945398802398813,22.876573823680246,40.546872937778986,470.1190488918513
2003-11-01,2003,11,-14.85375955369733,58.28671045268763,8.77465586419753,161.21476818497757
2003-12-01,2003,12,-19.718004669681648,13.06462509374029,1.3465083632019117,95.9777939106522
2004-01-01,2004,1,-24.46754547037102,11.376967701380636,6.592113201911589,55.51408681859973
2004-02-01,2004,2,-14.391834421267447,9.781583772923597,33.38949712643678,147.8841706972267
2004-03-01,2004,3,-15.325756557013392,8.962047090978587,106.70366646496626,125.93926661882671
2004-04-01,2004,4,-1.5716101116603909,9.658369456381877,184.46908333333334,373.2774113757183
2004-05-01,2004,5,8.380924889349217,68.71471560310383,198.82138515531662,722.0984500996389
2004-06-01,2004,6,17.66391241285538,37.266482502310794,273.8560540123457,1169.8412608717126
2004-07-01,2004,7,17.29072782865137,71.63451733589099,224.2468421445639,1236.6748836112351
2004-08-01,2004,8,15.83752294560918,18.89817222510004,195.4127725507766,1121.8780528375469
2004-09-01,2004,9,2.0430524614122305,41.5523306736425,105.2229827353395,471.7263654692807
2004-10-01,2004,10,-3.0488382483040937,35.08080989320206,40.591011186460726,374.4596909171308
2004-11-01,2004,11,-12.381545554267007,20.37472071333113,9.600814814814814,184.56288410922048
2004-12-01,2004,12,-19.32043696167645,28.288873976652695,1.200448028673835,99.79326384869955
2005-01-01,2005,1,-18.342624020320102,32.56822069594989,6.68913082437276,105.47843618353966
2005-02-01,2005,2,-16.199030031476696,10.949828122267746,33.62955522486772,127.74817202669794
2005-03-01,2005,3,-8.863874345184627,10.102716645615573,97.18135945200493,229.1269832021955
2005-04-01,2005,4,-2.011830435858826,17.69075892068983,194.4592137345679,369.644316764969
2005-05-01,2005,5,10.876293149558478,56.48354371320963,227.47689516129032,810.546981908699
2005-06-01,2005,6,14.463359620836059,131.36516746554605,242.29920061728396,1147.4432740820855
2005-07-01,2005,7,14.794157672184781,91.93013280438578,237.95630749701314,1089.1664754007493
2005-08-01,2005,8,13.391118027061566,35.298744063123166,180.62938844086023,1017.6084330260916
2005-09-01,2005,9,6.011293411254883,86.56635024351189,71.4713036265432,761.8405097147513
2005-10-01,2005,10,-4.008697829707955,12.343735108025555,44.6365569827719,322.8544713655788
2005-11-01,2005,11,-20.632032288445345,33.437194521543034,10.575447530864198,83.0066854196231
2005-12-01,2005,12,-12.18658114197433,17.00149320179989,1.2645131421744324,187.75990833140014
2006-01-01,2006,1,-24.766533792147044,5.2246616640623245,6.4427031063321385,60.52860325386365
2006-02-01,2006,2,-13.136249151683955,36.52654244945097,30.141667493386244,159.1724856954828
2006-03-01,2006,3,-16.16676713266679,5.26418638330739,109.9150013505031,114.83457250927815
2006-04-01,2006,4,-4.269145923190649,21.380334987995298,186.4054675925926,312.3996057830395
2006-05-01,2006,5,7.488826247184534,44.38975394242206,234.8738649940263,625.4021345990257
2006-06-01,2006,6,12.77402502695719,71.44220011953806,226.31960339506173,874.3456117126664
2006-07-01,2006,7,13.895028194304473,108.92872748050664,187.64633437873357,1145.5544216317385
2006-08-01,2006,8,10.608059614448166,129.13848346711632,139.3544041218638,945.0821453311261
2006-09-01,2006,9,7.808607207404293,35.43740615187119,100.8766970486111,797.8645149991424
2006-10-01,2006,10,-1.022945908577185,24.976189437914798,40.59306978396617,432.00004869905973
2006-11-01,2006,11,-19.399444558885335,2.4541189351126036,12.272388888888889,86.96598719815388
2006-12-01,2006,12,-16.330373571252267,18.425003457480216,1.1457213261648747,131.05448676323886
2007-01-01,2007,1,-18.73174586552443,15.045228728922666,5.441155913978495,105.11117458291707
2007-02-01,2007,2,-19.42976306279499,1.8159050435393453,40.75674024470899,84.36964007090529
2007-03-01,2007,3,-21.759944271784946,7.713046678745172,110.56777382252464,70.86645862571815
2007-04-01,2007,4,1.2377476798163798,8.884149174875233,189.54336574074074,382.8165134306419
2007-05-01,2007,5,8.31050340385849,33.99393002852236,225.81330047789726,568.1463971778961
2007-06-01,2007,6,14.776766755845813,64.94672052311046,255.9525848765432,1033.1446643402646
2007-07-01,2007,7,16.460213659142937,91.06402577816297,218.70165845280764,1314.006753441719
2007-08-01,2007,8,13.660671344880143,85.13959370826285,153.26947879330945,1125.3844102973605
2007-09-01,2007,9,6.155925263298911,57.14356423697353,101.67091476176698,696.526463714631
2007-10-01,2007,10,-6.128040941299901,16.602500393215536,46.95375133299628,267.27220739979174
2007-11-01,2007,11,-10.157434802585158,4.0266815080372,10.503015432098765,210.670902080186
2007-12-01,2007,12,-17.422483271937182,13.034018794048308,1.2734513142174433,112.00600049591527
2008-01-01,2008,1,-21.65204637999173,15.528752020451009,5.501232078853047,76.41573432193198
2008-02-01,2008,2,-18.62784046743107,5.987471853774906,35.04555156449553,96.87464385145049
2008-03-01,2008,3,-12.846457462926026,11.373823878273015,99.28057065409999,160.907624194637
2008-04-01,2008,4,-3.2342829386392964,40.14571903161368,161.06794212962964,340.5215274749281
2008-05-01,2008,5,6.925803818241263,50.88955327255107,230.67687649342892,611.9960709115546
2008-06-01,2008,6,12.68115340338818,95.27788007935811,235.2946851851852,932.4667055066159
2008-07-01,2008,7,13.300088193339718,120.14891097465963,200.111721176822,1032.2665842335794
2008-08-01,2008,8,9.245565545687157,71.61274709990195,154.52207138590202,846.9993234691549
2008-09-01,2008,9,5.410100407070615,32.04190749554314,99.14275056061922,652.0243967931262
2008-10-01,2008,10,-9.298252917874208,30.20831631748777,45.613246693400356,209.1832597238837
2008-11-01,2008,11,-16.17013168334961,7.999556072107339,10.414364197530864,132.65536054040922
2008-12-01,2008,12,-19.61613016436175,15.719432833940061,1.2997296893667862,91.44309424483032
2009-01-01,2009,1,-19.697342772124898,18.329250366772243,5.8902942054958185,87.963372224993
2009-02-01,2009,2,-17.385309555416995,23.23558353801758,33.03503472222222,115.37899740980752
2009-03-01,2009,3,-17.2716016789918,24.02897002730242,100.89426234392282,109.51548628406368
2009-04-01,2009,4,-3.1665755589802984,12.681977763083552,196.9062515432099,327.5618312706313
2009-05-01,2009,5,7.806681959090724,21.274466415739823,236.45798536439665,577.6079182243235
2009-06-01,2009,6,13.085369491577183,91.2364542519768,234.31212191358026,914.1090231882359
2009-07-01,2009,7,18.1144767351048,16.633430502842828,261.6457549283154,1073.5013149319243
2009-08-01,2009,8,11.091974492226882,99.46238418196884,150.33118055555556,877.6750544897873
2009-09-01,2009,9,6.236003727383093,36.70501830115569,98.18823706356096,713.3656782927283
2009-10-01,2009,10,-2.1254965177146232,14.760724042169215,46.182515313297756,396.7295273422985
2009-11-01,2009,11,-18.071253416273294,16.794507408004478,10.882737654320987,107.91343428787131
2009-12-01,2009,12,-15.684390213668962,11.59232865862947,1.2654375746714457,132.31375340441693
2010-01-01,2010,1,-21.377675817346045,2.0465310515760393,6.27814366786141,78.878932468305
2010-02-01,2010,2,-13.983681946708998,3.625592133552402,33.8675710978836,147.62732295497588
2010-03-01,2010,3,-11.66443877271422,5.526357609063837,105.04394263045334,175.31283261973175
2010-04-01,2010,4,0.5112763722738123,20.744385160810452,176.26776851851852,371.9561854548269
2010-05-01,2010,5,9.888181858678024,27.7984626024832,229.56653001792114,646.6780617886462
2010-06-01,2010,6,13.594864400227891,91.7159375324772,227.2264212962963,1021.3707628133506
2010-07-01,2010,7,14.448187559394455,78.65580512341097,200.53604241338113,1112.6038987796974
2010-08-01,2010,8,13.183300887897474,47.85154991485996,155.37668458781363,997.8746778072722
2010-09-01,2010,9,6.188291147020152,19.331182009885595,113.50896846064815,611.3497826198868
2010-10-01,2010,10,-3.552087488482073,20.755184084787714,45.46602171976507,339.43982308691506
2010-11-01,2010,11,-10.990571022033691,66.34988990691681,9.14356635802469,222.51499713993658
2010-12-01,2010,12,-25.275750203286435,11.522222813024285,1.3781824970131422,56.039737422774124
2011-01-01,2011,1,-17.98869683870703,9.139464624922766,6.503847819593787,106.75152963699125
2011-02-01,2011,2,-19.087795820690303,32.98412747839308,33.394916501322754,97.93933498163021
2011-03-01,2011,3,-13.207302885158072,5.105478388742313,113.74517441926179,139.88087645915863
2011-04-01,2011,4,-4.108560858832448,12.557455051609878,190.7157986111111,317.4450776845404
2011-05-01,2011,5,7.956194937100975,16.929744922467904,244.93236185782555,576.8530823604377
2011-06-01,2011,6,13.065052392747702,90.88534669765025,211.70104475308642,959.0096494013306
2011-07-01,2011,7,14.03576185164917,79.00257009030298,200.97755152329748,1083.9352092651184
2011-08-01,2011,8,10.766644373247743,82.01042156900584,145.88348267622462,942.9967498511298
2011-09-01,2011,9,6.710495143466574,70.99910110065011,101.81441018036266,724.9629123647139
2011-10-01,2011,10,-2.1533251239407036,14.676656776906327,46.24116558186612,384.3959310852858
2011-11-01,2011,11,-20.68832944234211,18.968675667469626,10.945935185185185,88.0902676551619
2011-12-01,2011,12,-15.117016712311738,36.75023504309749,1.096208183990442,148.6199548643969
2012-01-01,2012,1,-30.934011943365903,19.6199799270822,5.972080346475508,32.89753435317141
2012-02-01,2012,2,-12.359471472378402,17.717552643148338,31.685941091954025,174.28427386847807
2012-03-01,2012,3,-17.0833689289708,17.664645112713373,107.0475154770973,112.65165074870357
2012-04-01,2012,4,-0.009050390455456636,7.465581810190969,198.45710416666665,421.3092744706102
2012-05-01,2012,5,6.6309989272907615,48.99006410029827,232.82904569892474,536.6717714683102
2012-06-01,2012,6,14.135577985975488,83.86093932836047,231.0677839506173,1054.820157697585
2012-07-01,2012,7,13.764817461403482,70.9828041336884,187.64844011350058,1073.9566992566076
2012-08-01,2012,8,11.734460633800893,64.76946108549342,146.42341099163679,943.7889069259257
2012-09-01,2012,9,5.850910674201145,60.85433752310365,89.52245109953704,679.2366038441644
2012-10-01,2012,10,-6.037947861866257,30.830074032220267,45.198020696788134,280.3878407340722
2012-11-01,2012,11,-18.614113659328865,6.834704338341879,11.58492438271605,92.94537758127068
2012-12-01,2012,12,-21.82970659399544,24.80468736566621,1.3210752688172043,75.06560073609968
2013-01-01,2013,1,-17.454282321724804,36.769004362575686,5.532912186379928,113.49167146229505
2013-02-01,2013,2,-16.89135028748285,19.03595179982176,33.76508845899471,123.32568847687784
2013-03-01,2013,3,-13.687626758698457,12.789964444756663,106.73885451468374,145.10183555165554
2013-04-01,2013,4,-9.196265898810452,22.070712762943145,191.57349228395063,197.4042291355314
2013-05-01,2013,5,3.099150696621166,14.959199041694404,268.02766726403826,439.70890278385036
2013-06-01,2013,6,16.240047666761654,26.356616980606873,271.4566172839506,972.6734388278815
2013-07-01,2013,7,15.483277011174039,51.0933703396077,210.58464680406212,1051.5466243345593
2013-08-01,2013,8,13.557338517712026,54.982463896109834,173.362208781362,939.140822570851
2013-09-01,2013,9,4.319859716627377,73.84582660795047,87.70479776424831,610.7606532806352
2013-10-01,2013,10,0.5912490024362,45.40834724905807,39.56505686533209,513.1799020980532
2013-11-01,2013,11,-14.931514718797473,54.97201879425262,9.04014351851852,152.65328408909207
2013-12-01,2013,12,-18.99026681223222,27.19277154371369,1.2128569295101552,98.72682147743168
2014-01-01,2014,1,-11.780601780388906,22.81250489767217,5.511218637992831,194.7608645714511
2014-02-01,2014,2,-18.54090774172826,8.661576974965612,37.96809441137566,90.75673836334312
2014-03-01,2014,3,-10.402107353620636,5.422350371759421,111.06644095617953,182.2398246576206
2014-04-01,2014,4,-2.1632991790771143,8.275619994527972,192.41555555555556,359.99644950489653
2014-05-01,2014,5,8.072785765124934,18.49174595893288,222.42856481481482,581.8242959896504
2014-06-01,2014,6,11.547413317362498,127.5820341734537,208.50066820987655,906.2284399050516
2014-07-01,2014,7,13.090156727452438,135.64223120204488,182.8471916069295,1097.7902653313088
2014-08-01,2014,8,12.153955549834905,140.54482636169752,152.49871639784945,1074.1034266279726
2014-09-01,2014,9,5.41676682366267,59.362871385303606,109.26542064525464,621.1914685490455
2014-10-01,2014,10,-6.910794198641213,23.063803032002284,43.26789625015168,281.7410302446484
2014-11-01,2014,11,-11.43252974616155,6.823439685128108,12.12440586419753,184.36948082293844
2014-12-01,2014,12,-12.96870111855128,27.978639526981652,1.1534796893667862,176.95758111716884
2015-01-01,2015,1,-17.525072725357518,8.556626038927817,6.042019115890084,112.69085097877907
2015-02-01,2015,2,-14.034673073178226,14.799726827277482,33.478113425925926,148.148260363998
2015-03-01,2015,3,-9.680753658663832,21.066898707392312,105.37250216868046,215.24107366834255
2015-04-01,2015,4,-0.6154309378729863,11.54907708604469,182.12205941358025,383.75530418249645
2015-05-01,2015,5,11.240965636058547,16.14938354905604,248.98499103942652,698.9050258118892
2015-06-01,2015,6,14.192556317647302,48.518659564610545,269.6965455246914,877.5293026903045
2015-07-01,2015,7,14.697236694828177,101.68718953582001,207.1496766726404,1130.0828399590891
2015-08-01,2015,8,10.413545227050804,133.15475409320854,131.2432347670251,944.3785395057668
2015-09-01,2015,9,3.359595701429612,97.88015154709129,90.41994497492284,578.7311173053922
2015-10-01,2015,10,-3.174657751924201,25.6572370560626,44.190172473538304,392.3706667522897
2015-11-01,2015,11,-12.847777197096036,45.97203676040351,9.586385802469136,184.9403614156027
2015-12-01,2015,12,-17.347771441551913,4.712000839237618,1.3525224014336918,116.43106140328491
2016-01-01,2016,1,-12.766012368150939,4.257881496091187,5.312529868578256,170.3922287215266
2016-02-01,2016,2,-10.853016237280826,0.6571636479080212,36.54728687739463,195.01066764961934
2016-03-01,2016,3,-8.815386692170136,24.58465847761815,95.30824692519904,239.94887881629612
2016-04-01,2016,4,1.3169244130452853,28.373120542415364,185.71904166666667,454.58238867811286
2016-05-01,2016,5,8.85541410138535,42.161875000886084,214.10863799283155,710.15011252728
2016-06-01,2016,6,13.024989255269418,108.17102827206071,234.5334413580247,979.3155370162228
2016-07-01,2016,7,14.665696285617003,237.09279503397696,178.38937798685782,1294.1493845092436
2016-08-01,2016,8,13.372845114431072,60.23791559758962,147.5198715651135,1152.112057277489
2016-09-01,2016,9,5.768843015035031,82.12392477473784,95.31202413676698,698.4302703811309
2016-10-01,2016,10,-3.458773799609105,2.029820516302294,53.02877330802817,284.69656759667333
2016-11-01,2016,11,-13.607364590962732,6.239237682791554,10.736395061728395,160.21147451672306
2016-12-01,2016,12,-17.11049386711528,43.653890138745766,1.223721624850657,116.39174990934886
2017-01-01,2017,1,-20.06174127722298,27.188232056232664,6.065660842293907,89.80347641554069
2017-02-01,2017,2,-15.439049330211787,31.857964677989514,31.39288111772487,140.22497012262963
2017-03-01,2017,3,-19.02835459555348,3.844247764124731,114.80835881268537,90.4254183071821
2017-04-01,2017,4,-1.9130502700805323,4.32388583125487,203.24707716049383,363.19820639453417
2017-05-01,2017,5,7.655033181303338,46.23977228662568,228.1454248805257,650.9869168184399
2017-06-01,2017,6,14.240493753221301,54.872349398259246,264.9136358024691,900.2993924102846
2017-07-01,2017,7,17.161097073298663,80.1390361434251,217.80297715053763,1332.4700712198721
2017-08-01,2017,8,12.291677524197496,109.17187280275442,143.71322879330944,1109.4264349540167
2017-09-01,2017,9,6.862347496880432,52.404848467688225,94.54536465331654,748.4522651241551
2017-10-01,2017,10,-2.699717913391737,75.38391448319359,36.75086578834014,414.54269411971643
2017-11-01,2017,11,-14.430300394693973,34.936553082808075,8.976581790123456,161.77423300728967
2017-12-01,2017,12,-11.517404199415637,18.920581024570282,1.1519160692951016,193.0503582302129
2018-01-01,2018,1,-17.24556924143144,22.2861401429455,5.913666367980884,116.63504733340359
2018-02-01,2018,2,-14.043058118366048,48.03878846314191,28.893765707671957,151.87640718812165
2018-03-01,2018,3,-9.944562616655901,20.32380432031644,96.52877231246967,206.87261854345303
2018-04-01,2018,4,-3.8265618006387854,15.054467785734715,200.04542824074073,306.9972284122818
2018-05-01,2018,5,6.100926725326076,56.16929514811275,230.94860663082437,618.2964513264546
2018-06-01,2018,6,12.453275998433469,87.23976833451985,242.39295524691357,963.6047110110997
2018-07-01,2018,7,15.857454021002695,59.65710009837366,229.47906884707288,1168.7292838890087
2018-08-01,2018,8,10.828847093479624,146.49647018615042,109.83686977299881,1010.0017962621818
2018-09-01,2018,9,6.562294642130553,78.00228161488221,82.79274481577932,763.1913431941742
2018-10-01,2018,10,0.3726156583396687,26.00682533433485,45.906112194448674,441.7707763192626
2018-11-01,2018,11,-9.909458859761514,26.51486442298534,10.5571512345679,196.35699696375974
2018-12-01,2018,12,-15.54786611577515,18.283926253673144,1.1587111708482676,143.80775869412062
2019-01-01,2019,1,-17.843478061306826,16.12291241902497,5.490307646356033,111.92575179088786
2019-02-01,2019,2,-13.033041926792691,23.65559577284415,33.34257771164021,162.42278324842988
2019-03-01,2019,3,-3.0565339898550405,23.536519416630597,93.19107033468632,363.36688899269853
2019-04-01,2019,4,-0.8603770997788729,29.337115158455163,177.46906018518519,372.0282811220542
2019-05-01,2019,5,9.35718892005184,38.02973798682174,226.59717219235364,703.6888987980885
2019-06-01,2019,6,15.984817186991393,42.65440151634081,268.30386728395064,1056.2290630373636
2019-07-01,2019,7,17.533073433496668,75.3679405267107,215.36315561529273,1285.9313105711594
2019-08-01,2019,8,11.151202999648262,169.44686887062943,133.45573700716847,999.8266618618555
2019-09-01,2019,9,7.3187971115112305,45.22970474516441,99.8474255160108,782.3308732077032
2019-10-01,2019,10,-2.512646554106027,66.08207563978752,34.51782413386957,408.2943690045184
2019-11-01,2019,11,-11.0163902070787,54.887218263690585,9.435081018518519,196.33843118239426
2019-12-01,2019,12,-17.92933112523886,13.154118114684366,1.2867249103942653,108.9922919852484
2020-01-01,2020,1,-24.483506020166516,14.717614935403134,5.675928912783752,58.26665278289886
2020-02-01,2020,2,-19.4439688145429,19.33455803449391,35.350981800766284,94.98978846643979
2020-03-01,2020,3,-13.733456018919583,63.79112441252843,88.14309009747979,153.8076523871875
2020-04-01,2020,4,-3.223861249287893,62.728603616609035,167.37853858024692,341.2661676893869
2020-05-01,2020,5,8.11977606742613,14.91864991070102,257.8140203106332,583.3513398719505
2020-06-01,2020,6,13.867706807454454,90.29198828748619,237.71340432098765,994.6584113447082
2020-07-01,2020,7,13.692155579597738,122.38757525721766,199.00240143369174,1117.8714664934996
2020-08-01,2020,8,13.251720293106587,101.3312670056763,161.6300238948626,1148.6922060699023
2020-09-01,2020,9,6.2597027036878785,81.64464675233418,82.55057255799093,773.9148008610991
2020-10-01,2020,10,-3.0590389128653896,17.3855615612446,44.62419703156575,316.3617696629674
2020-11-01,2020,11,-14.01713072458898,39.37464009351288,9.926552469135803,160.91716745843462
2020-12-01,2020,12,-16.272600986111513,16.75358167028662,1.2088515531660693,124.49624889383719
2021-01-01,2021,1,-14.74439899075412,8.612362916608163,5.835722819593787,150.24939629909227
2021-02-01,2021,2,-22.622186429159967,24.120324103385826,32.42265625,69.11597791650802
2021-03-01,2021,3,-15.233855844313098,24.232857011480036,98.72241078184211,136.39158481824904
2021-04-01,2021,4,-4.819047376844594,38.245900602323246,197.56091280864197,275.89192771356903
2021-05-01,2021,5,6.697600977907939,37.48878695332536,235.95826463560334,606.3814583772772
2021-06-01,2021,6,14.583864741855223,56.67332795745139,253.4984861111111,1041.893868132071
2021-07-01,2021,7,15.97609108545447,66.55970903028674,212.26975059737157,1098.5152262408208
2021-08-01,2021,8,11.018516384658028,191.33797169792643,121.60634109916369,1038.4994259410357
2021-09-01,2021,9,4.786150381300217,17.04339624018303,105.19742179785834,601.6227226872551
2021-10-01,2021,10,-3.323701870825971,24.89080628495799,36.00510903106653,375.4308577783663
2021-11-01,2021,11,-17.972667778862814,11.230160024503277,10.010922839506172,108.21825098572933
2021-12-01,2021,12,-17.353996391706545,117.06615825964306,1.1499895459976106,122.03030779064356
2022-01-01,2022,1,-19.130829095327698,14.310702729325442,5.959008363201912,95.69293778620174
2022-02-01,2022,2,-17.990090433756478,35.4525209078993,29.62291087962963,106.06078797368471
2022-03-01,2022,3,-11.997888187695537,4.434044553516259,107.5564867099411,166.6996026488439
2022-04-01,2022,4,-4.48462488386366,4.104999813833388,207.9149490740741,283.0087483912754
2022-05-01,2022,5,6.059708736788878,37.62831673136802,238.8577703106332,579.9084540033004
2022-06-01,2022,6,14.707329580518945,40.9239501675458,288.85106712962966,911.7939451413783
2022-07-01,2022,7,15.479750672207103,79.16506619778474,227.08844758064515,1155.5869698845513
2022-08-01,2022,8,12.136363253029458,90.70817680672505,153.05816382915174,1053.1041038644025
2022-09-01,2022,9,6.323999638027658,70.3397543390345,80.99371059992284,752.7035421063738
2022-10-01,2022,10,-3.4815304376745644,43.9574906626099,40.677747649599574,373.03547293366955
2022-11-01,2022,11,-12.600686687893301,20.241636680793818,9.738388888888888,179.4400695384314
2022-12-01,2022,12,-18.112492583900348,40.09554080869293,1.1139068100358422,109.17518887823775
2023-01-01,2023,1,-15.90930049855217,25.04031689507613,4.731745818399045,141.47120194095723
2023-02-01,2023,2,-17.416846724918884,27.084084124357588,30.25535218253968,121.65520056602952
2023-03-01,2023,3,-12.252145000170628,23.750861822840363,95.75509525422127,168.26749833452104
2023-04-01,2023,4,-8.122970581054688,29.80768125434352,179.97451466049384,235.80663614107218
2023-05-01,2023,5,6.95231274430472,55.44180559122225,223.3936783154122,653.0912720517932
2023-06-01,2023,6,12.71393822564022,80.20738476345457,239.53027314814815,980.7948096995424
2023-07-01,2023,7,17.191762522215527,48.20307722718553,211.4800515232975,1316.282429219199
2023-08-01,2023,8,14.439603649672677,101.98996410135308,132.55175253882916,1217.3555998777258
2023-09-01,2023,9,4.814533827039952,70.3222193371289,80.48766476176698,677.5915612084011
2023-10-01,2023,10,-4.402507158504989,33.55256142209839,41.0589138119423,336.75602205377317
2023-11-01,2023,11,-9.658327335781507,27.134370837906374,9.502572530864198,236.89204869572788
2023-12-01,2023,12,-18.977602694111454,27.781664879832135,1.3006780167264038,106.24852402534941
2024-01-01,2024,1,-23.005992676109372,17.742211444744527,5.809372759856631,68.04331895556909
2024-02-01,2024,2,-15.772102408573517,7.764317609083804,36.64223259897829,125.32097199889252
2024-03-01,2024,3,-11.629448503063543,11.918258362847212,97.42402597224556,180.50191812464163
2024-04-01,2024,4,-1.270416196187341,26.74842284583434,185.24343209876542,379.30630490464915
2024-05-01,2024,5,6.8458445026028585,43.80294067501822,215.61948924731183,611.5589309903055
2024-06-01,2024,6,16.610920037163623,38.998846913575136,273.55221141975306,1064.9234183528813
2024-07-01,2024,7,14.048303571311408,189.88737502707664,178.55051971326165,1169.0621236181055
2024-08-01,2024,8,10.832264508483263,144.46438577412124,127.1440188172043,1010.834943690542
2024-09-01,2024,9,6.053362803988989,74.05669341572008,80.44738235435956,757.4585538125436
2024-10-01,2024,10,-4.316301214566749,66.93038727277667,44.36482741516551,350.9116628005605
2024-11-01,2024,11,-16.13184454176161,26.79203310385958,9.70136574074074,137.11099550456174
2024-12-01,2024,12,-13.932451014364915,16.584828086383396,1.254378733572282,154.16165755525518
2025-01-01,2025,1,-11.663569021737658,52.946948941684724,4.666048387096774,187.46079771692467
2025-02-01,2025,2,-15.139343075525176,9.20708698765793,35.93564566798942,137.91364339888284
2025-03-01,2025,3,-9.989129048009033,5.162294901268183,108.87795403711827,205.9351490961028
2025-04-01,2025,4,-0.9473023096720112,50.93249521473808,166.6615185185185,438.64053303264404
2025-05-01,2025,5,5.2552552253969225,68.78296113475457,232.50322804659498,616.1597296642486
2025-06-01,2025,6,14.581531376308874,47.1188566912808,263.1008796296296,1019.4586621169013
2025-07-01,2025,7,16.233538892192257,112.91732569952373,219.53521505376344,1224.6714168262854
2025-08-01,2025,8,12.301251368368867,166.56970313865926,128.18349910394267,1106.8390212290985
2025-09-01,2025,9,6.573607932196751,62.473427993246844,75.60705020254629,787.7709113883484
2025-10-01,2025,10,-1.2950213565621311,73.88979239197724,33.93500321464584,457.15620141087027
2025-11-01,2025,11,-12.085854615105518,16.170834915705257,10.106337962962963,198.28432880971172
2025-12-01,2025,12,-27.140742980792936,25.526137023234696,1.35834229390681,47.12101682728474
