day,TKLIQGEN,TKLIQSTORAGE,TKLIQRUNOFF,TKLIQDRAINAGE,TKLIQOTHER,TKSUBSIDENCE,TKFRONT,TKFRONTTYPE
1,0.0,0.0,0.0,0.0,0.0,0.0,nan,nan
2,0.0,0.0,0.0,0.0,0.0,0.0,nan,nan
3,0.0,0.0,0.0,0.0,0.0,0.0,nan,nan
4,0.0,0.0,0.0,0.0,0.0,0.0,nan,nan
5,0.0,0.0,0.0,0.0,0.0,0.0,nan,nan
6,0.0,0.0,0.0,0.0,0.0,0.0,nan,nan
7,0.0,0.0,0.0,0.0,0.0,0.0,nan,nan
8,0.0,0.0,0.0,0.0,0.0,0.0,nan,nan
9,0.0,0.0,0.0,0.0,0.0,0.0,nan,nan
10,0.0,0.0,0.0,0.0,0.0,0.0,nan,nan
11,0.0,0.0,0.0,0.0,0.0,0.0,nan,nan
12,0.0,0.0,0.0,0.0,0.0,0.0,nan,nan
13,0.0,0.0,0.0,0.0,0.0,0.0,nan,nan
14,0.0,0.0,0.0,0.0,0.0,0.0,nan,nan
15,0.0,0.0,0.0,0.0,0.0,0.0,nan,nan
16,0.0,0.0,0.0,0.0,0.0,0.0,nan,nan
17,0.0,0.0,0.0,0.0,0.0,0.0,nan,nan
18,0.0,0.0,0.0,0.0,0.0,0.0,nan,nan
19,0.0,0.0,0.0,0.0,0.0,0.0,nan,nan
20,0.0,0.0,0.0,0.0,0.0,0.0,nan,nan
21,0.0,0.0,0.0,0.0,0.0,0.0,nan,nan
22,0.0,0.0,0.0,0.0,0.0,0.0,nan,nan
23,0.0,0.0,0.0,0.0,0.0,0.0,nan,nan
24,0.0,0.0,0.0,0.0,0.0,0.0,nan,nan
25,0.0,0.0,0.0,0.0,0.0,0.0,nan,nan
26,0.0,0.0,0.0,0.0,0.0,0.0,nan,nan
27,0.0,0.0,0.0,0.0,0.0,0.0,nan,nan
28,0.0,0.0,0.0,0.0,0.0,0.0,nan,nan
29,0.0,0.0,0.0,0.0,0.0,0.0,nan,nan
30,0.0,0.0,0.0,0.0,0.0,0.0,nan,nan
31,0.0,0.0,0.0,0.0,0.0,0.0,nan,nan
32,0.0,0.0,0.0,0.0,0.0,0.0,nan,nan
33,0.0,0.0,0.0,0.0,0.0,0.0,nan,nan
34,0.0,0.0,0.0,0.0,0.0,0.0,nan,nan
35,0.0,0.0,0.0,0.0,0.0,0.0,nan,nan
36,0.0,0.0,0.0,0.0,0.0,0.0,nan,nan
37,0.0,0.0,0.0,0.0,0.0,0.0,nan,nan
38,0.0,0.0,0.0,0.0,0.0,0.0,nan,nan
39,0.0,0.0,0.0,0.0,0.0,0.0,nan,nan
40,0.0,0.0,0.0,0.0,0.0,0.0,nan,nan
41,0.0,0.0,0.0,0.0,0.0,0.0,nan,nan
42,0.0,0.0,0.0,0.0,0.0,0.0,nan,nan
43,0.0,0.0,0.0,0.0,0.0,0.0,nan,nan
44,0.0,0.0,0.0,0.0,0.0,0.0,nan,nan
45,0.0,0.0,0.0,0.0,0.0,0.0,nan,nan
46,0.0,0.0,0.0,0.0,0.0,0.0,nan,nan
47,0.0,0.0,0.0,0.0,0.0,0.0,nan,nan
48,0.0,0.0,0.0,0.0,0.0,0.0,nan,nan
49,0.0,0.0,0.0,0.0,0.0,0.0,nan,nan
50,0.0,0.0,0.0,0.0,0.0,0.0,nan,nan
51,0.0,0.0,0.0,0.0,0.0,0.0,nan,nan
52,0.0,0.0,0.0,0.0,0.0,0.0,nan,nan
53,0.0,0.0,0.0,0.0,0.0,0.0,nan,nan
54,0.0,0.0,0.0,0.0,0.0,0.0,nan,nan
55,0.0,0.0,0.0,0.0,0.0,0.0,nan,nan
56,0.0,0.0,0.0,0.0,0.0,0.0,nan,nan
57,0.0,0.0,0.0,0.0,0.0,0.0,nan,nan
58,0.0,0.0,0.0,0.0,0.0,0.0,nan,nan
59,0.0,0.0,0.0,0.0,0.0,0.0,nan,nan
60,0.0,0.0,0.0,0.0,0.0,0.0,nan,nan
61,0.0,0.0,0.0,0.0,0.0,0.0,nan,nan
62,0.0,0.0,0.0,0.0,0.0,0.0,nan,nan
63,0.0,0.0,0.0,0.0,0.0,0.0,nan,nan
64,0.0,0.0,0.0,0.0,0.0,0.0,nan,nan
65,0.0,0.0,0.0,0.0,0.0,0.0,nan,nan
66,0.0,0.0,0.0,0.0,0.0,0.0,nan,nan
67,0.0,0.0,0.0,0.0,0.0,0.0,nan,nan
68,0.0,0.0,0.0,0.0,0.0,0.0,nan,nan
69,0.0,0.0,0.0,0.0,0.0,0.0,nan,nan
70,0.0,0.0,0.0,0.0,0.0,0.0,nan,nan
71,0.0,0.0,0.0,0.0,0.0,0.0,nan,nan
72,0.0,0.0,0.0,0.0,0.0,0.0,nan,nan
73,0.0,0.0,0.0,0.0,0.0,0.0,nan,nan
74,0.0,0.0,0.0,0.0,0.0,0.0,nan,nan
75,0.0,0.0,0.0,0.0,0.0,0.0,nan,nan
76,0.0,0.0,0.0,0.0,0.0,0.0,nan,nan
77,0.0,0.0,0.0,0.0,0.0,0.0,nan,nan
78,0.0,0.0,0.0,0.0,0.0,0.0,nan,nan
79,0.0,0.0,0.0,0.0,0.0,0.0,nan,nan
80,0.0,0.0,0.0,0.0,0.0,0.0,nan,nan
81,0.0,0.0,0.0,0.0,0.0,0.0,nan,nan
82,0.0,0.0,0.0,0.0,0.0,0.0,nan,nan
83,0.0,0.0,0.0,0.0,0.0,0.0,nan,nan
84,0.0,0.0,0.0,0.0,0.0,0.0,nan,nan
85,0.0,0.0,0.0,0.0,0.0,0.0,nan,nan
86,0.0,0.0,0.0,0.0,0.0,0.0,nan,nan
87,0.0,0.0,0.0,0.0,0.0,0.0,nan,nan
88,0.0,0.0,0.0,0.0,0.0,0.0,nan,nan
89,0.0,0.0,0.0,0.0,0.0,0.0,nan,nan
90,0.0,0.0,0.0,0.0,0.0,0.0,nan,nan
91,0.0,0.0,0.0,0.0,0.0,0.0,nan,nan
92,0.0,0.0,0.0,0.0,0.0,0.0,nan,nan
93,0.0,0.0,0.0,0.0,0.0,0.0,nan,nan
94,0.0,0.0,0.0,0.0,0.0,0.0,nan,nan
95,0.0,0.0,0.0,0.0,0.0,0.0,nan,nan
96,0.0,0.0,0.0,0.0,0.0,0.0,nan,nan
97,0.0,0.0,0.0,0.0,0.0,0.0,nan,nan
98,0.0,0.0,0.0,0.0,0.0,0.0,nan,nan
99,0.0,0.0,0.0,0.0,0.0,0.0,nan,nan
100,0.0,0.0,0.0,0.0,0.0,0.0,nan,nan
101,0.0,0.0,0.0,0.0,0.0,0.0,nan,nan
102,0.0,0.0,0.0,0.0,0.0,0.0,nan,nan
103,0.0,0.0,0.0,0.0,0.0,0.0,nan,nan
104,0.0,0.0,0.0,0.0,0.0,0.0,nan,nan
105,0.0,0.0,0.0,0.0,0.0,0.0,nan,nan
106,0.0,0.0,0.0,0.0,0.0,0.0,nan,nan
107,0.0,0.0,0.0,0.0,0.0,0.0,nan,nan
108,0.0,0.0,0.0,0.0,0.0,0.0,nan,nan
109,0.0,0.0,0.0,0.0,0.0,0.0,nan,nan
110,0.0,0.0,0.0,0.0,0.0,0.0,nan,nan
111,0.0,0.0,0.0,0.0,0.0,0.0,nan,nan
112,0.0,0.0,0.0,0.0,0.0,0.0,nan,nan
113,0.0,0.0,0.0,0.0,0.0,0.0,nan,nan
114,0.0,0.0,0.0,0.0,0.0,0.0,nan,nan
115,0.0,0.0,0.0,0.0,0.0,0.0,nan,nan
116,0.0,0.0,0.0,0.0,0.0,0.0,nan,nan
117,0.0,0.0,0.0,0.0,0.0,0.0,nan,nan
118,0.0,0.0,0.0,0.0,0.0,0.0,nan,nan
119,0.0,0.0,0.0,0.0,0.0,0.0,nan,nan
120,0.0,0.0,0.0,0.0,0.0,0.0,nan,nan
121,0.0,0.0,0.0,0.0,0.0,0.0,nan,nan
122,0.0,0.0,0.0,0.0,0.0,0.0,nan,nan
123,0.0,0.0,0.0,0.0,0.0,0.0,nan,nan
124,0.0,0.0,0.0,0.0,0.0,0.0,0.01,-1.0
125,0.0,0.0,0.0,0.0,0.0,0.0,nan,nan
126,0.0,0.0,0.0,0.0,0.0,0.0,nan,nan
127,0.0,0.0,0.0,0.0,0.0,0.0,nan,nan
128,0.0,0.0,0.0,0.0,0.0,0.0,nan,nan
129,0.0,0.0,0.0,0.0,0.0,0.0,nan,nan
130,0.0,0.0,0.0,0.0,0.0,0.0,nan,nan
131,0.0,0.0,0.0,0.0,0.0,0.0,0.01,-1.0
132,0.0,0.0,0.0,0.0,0.0,0.0,0.01,-1.0
133,0.0,0.0,0.0,0.0,0.0,0.0,0.01,-1.0
134,0.0,0.0,0.0,0.0,0.0,0.0,0.01,-1.0
135,0.0,0.0,0.0,0.0,0.0,0.0,0.01,-1.0
136,0.0,0.0,0.0,0.0,0.0,0.0,0.01,-1.0
137,0.0,0.0,0.0,0.0,0.0,0.0,0.01,-1.0
138,0.0,0.0,0.0,0.0,0.0,0.0,0.01,-1.0
139,0.0,0.0,0.0,0.0,0.0,0.0,0.01,-1.0
140,0.0,0.0,0.0,0.0,0.0,0.0,0.01,-1.0
141,0.0,0.0,0.0,0.0,0.0,0.0,0.01,-1.0
142,0.0,0.0,0.0,0.0,0.0,0.0,0.01,-1.0
143,0.0,0.0,0.0,0.0,0.0,0.0,0.01,-1.0
144,0.0,0.0,0.0,0.0,0.0,0.0,0.01,-1.0
145,0.0,0.0,0.0,0.0,0.0,0.0,0.01,-1.0
146,0.0,0.0,0.0,0.0,0.0,0.0,0.01,-1.0
147,0.0,0.0,0.0,0.0,0.0,0.0,0.01,-1.0
148,0.0,0.0,0.0,0.0,0.0,0.0,0.01,-1.0
149,0.0,0.0,0.0,0.0,0.0,0.0,0.010273540859682927,-1.0
150,0.0,0.0,0.0,0.0,0.0,0.0,0.011027894075815043,-1.0
151,0.0,0.0,0.0,0.0,0.0,0.0,0.012450496862814815,-1.0
152,0.0,0.0,0.0,0.0,0.0,0.0,0.01389928531349993,-1.0
153,0.0,0.0,0.0,0.0,0.0,0.0,0.017105751631495643,-1.0
154,0.0,0.0,0.0,0.0,0.0,0.0,0.02429082367832163,-1.0
155,0.0,0.0,0.0,0.0,0.0,0.0,0.03984365631643116,-1.0
156,0.0,0.0,0.0,0.0,0.0,0.0,0.055683179942835614,-1.0
157,0.0,0.0,0.0,0.0,0.0,0.0,0.07258324954223207,-1.0
158,0.0,0.0,0.0,0.0,0.0,0.0,0.08105114415572318,-1.0
159,0.0,0.0,0.0,0.0,0.0,0.0,0.08973614409815353,-1.0
160,0.0,0.0,0.0,0.0,0.0,0.0,0.09899176227288156,-1.0
161,0.0,0.0,0.0,0.0,0.0,0.0,0.10809987144681207,-1.0
162,0.0,0.0,0.0,0.0,0.0,0.0,0.11652073580868787,-1.0
163,0.0,0.0,0.0,0.0,0.0,0.0,0.12405667235505702,-1.0
164,0.0,0.0,0.0,0.0,0.0,0.0,0.12517577922062756,-1.0
165,0.0,0.0,0.0,0.0,0.0,0.0,0.1276459208475269,-1.0
166,0.0,0.0,0.0,0.0,0.0,0.0,0.13067340803691688,-1.0
167,0.0,0.0,0.0,0.0,0.0,0.0,0.13390865443319455,-1.0
168,0.0,0.0,0.0,0.0,0.0,0.0,0.137296231787214,-1.0
169,0.0,0.0,0.0,0.0,0.0,0.0,0.14084899222337494,-1.0
170,0.0,0.0,0.0,0.0,0.0,0.0,0.14462313481324723,-1.0
171,0.0,0.0,0.0,0.0,0.0,0.0,0.148646433803177,-1.0
172,0.0,0.0,0.0,0.0,0.0,0.0,0.1529156291925451,-1.0
173,0.0,0.0,0.0,0.0,0.0,0.0,0.1573954764375612,-1.0
174,0.0,0.0,0.0,0.0,0.0,0.0,0.16201844376484142,-1.0
175,0.0,0.0,0.0,0.0,0.0,0.0,0.16669749293420788,-1.0
176,0.0,0.0,0.0,0.0,0.0,0.0,0.17133778294412316,-1.0
177,0.0,0.0,0.0,0.0,0.0,0.0,0.17585285759544156,-1.0
178,0.0,0.0,0.0,0.0,0.0,0.0,0.1801782269068461,-1.0
179,0.0,0.0,0.0,0.0,0.0,0.0,0.18427561497448977,-1.0
180,0.0,0.0,0.0,0.0,0.0,0.0,0.18813234671215284,-1.0
181,0.0,0.0,0.0,0.0,0.0,0.0,0.19175092573281632,-1.0
182,0.0,0.0,0.0,0.0,0.0,0.0,0.19583157355605724,-1.0
183,0.0,0.0,0.0,0.0,0.0,0.0,0.1999692125717645,-1.0
184,0.0,0.0,0.0,0.0,0.0,0.0,0.20376549009452602,-1.0
185,0.0,0.0,0.0,0.0,0.0,0.0,0.20731824726051523,-1.0
186,0.0,0.0,0.0,0.0,0.0,0.0,0.21064872313968827,-1.0
187,0.0,0.0,0.0,0.0,0.0,0.0,0.2137701910520834,-1.0
188,0.0,0.0,0.0,0.0,0.0,0.0,0.2167006359626406,-1.0
189,0.0,0.0,0.0,0.0,0.0,0.0,0.21952263487407025,-1.0
190,1.6578805853710605,1.6537543973961086,0.0,0.0,0.004126187974951855,0.0018079395696522066,0.22061492309323846,-1.0
191,1.9535725414292244,3.5984660298110773,0.0,0.0,0.008860909014255808,0.003938334925627369,0.22129520967232805,-1.0
192,1.3632718731996931,4.934354182564089,0.0,0.0,0.02738372044668105,0.0054249999999999785,0.22169999999999998,-1.0
193,0.0,4.903814429863314,0.0,0.0,0.030539752700774678,0.0054249999999999785,0.22169999999999998,-1.0
194,0.0,4.873304530227791,0.0,0.0,0.030509899635524147,0.0054249999999999785,0.22169999999999998,-1.0
195,0.0,4.8427971881057035,0.0,0.0,0.030507342122086847,0.0054249999999999785,0.22169999999999998,-1.0
196,0.0,4.827427387719439,0.0,0.0,0.01536980038626463,0.0054249999999999785,0.22187563250144743,-1.0
197,0.0,4.812150402469895,0.0,0.0,0.015276985249544656,0.0054249999999999785,0.22290003828581767,-1.0
198,0.0,4.797043468416754,0.0,0.0,0.01510693405314096,0.0054249999999999785,0.22396647334626807,-1.0
199,0.0,4.78213105823323,0.0,0.0,0.014912410183523189,0.0054249999999999785,0.22484832079729578,-1.0
200,0.0,4.767438221950429,0.0,0.0,0.014692836282801294,0.0054249999999999785,0.22555069715750714,-1.0
201,0.0,4.752968550583071,0.0,0.0,0.014469671367358406,0.0054249999999999785,0.2261263048988774,-1.0
202,0.0,4.738710266322393,0.0,0.0,0.01425828426067824,0.0054249999999999785,0.22662343415189512,-1.0
203,0.0,4.724680235122879,0.0,0.0,0.014030031199513932,0.0054249999999999785,0.22707712913392336,-1.0
204,0.0,4.710802784686395,0.0,0.0,0.013877450436483777,0.0054249999999999785,0.2275111735409563,-1.0
205,0.0,4.697153471781311,0.0,0.0,0.01364931290508372,0.0054249999999999785,0.22794174191462546,-1.0
206,0.0,4.683718321386069,0.0,0.0,0.013435150395242117,0.0054249999999999785,0.22838004503367704,-1.0
207,0.0,4.670495052735465,0.0,0.0,0.013223268650603894,0.0054249999999999785,0.2288347681230428,-1.0
208,0.0,4.657478875993535,0.0,0.0,0.013016176741929756,0.0054249999999999785,0.22931289287325435,-1.0
209,0.0,4.645128217629105,0.0,0.0,0.012350658364430224,0.0054249999999999785,0.22982050402385967,-1.0
210,0.0,4.633229748937775,0.0,0.0,0.011898468691330101,0.0054249999999999785,0.2303638697066126,-1.0
211,0.0,4.62168638051167,0.0,0.0,0.011543368426105089,0.0054249999999999785,0.23094949812557408,-1.0
212,0.0,4.361476523537035,0.23870915840599818,0.0,0.02150069856863615,0.0054249999999999785,0.2315836612887781,-1.0
213,0.0,4.330012471795695,0.0,0.0,0.03146405174133969,0.0054249999999999785,0.23265335716769392,-1.0
214,0.0,4.3252963762920915,0.0,0.0,0.004716095503603786,0.0054249999999999785,0.23446198956687292,-1.0
215,0.0,4.321061835643458,0.0,0.0,0.004234540648633393,0.0054249999999999785,0.23650170925366457,-1.0
216,0.0,4.317073865142126,0.0,0.0,0.003987970501332525,0.0054249999999999785,0.23878644920027703,-1.0
217,0.0,4.313099419732431,0.0,0.0,0.003974445409694662,0.0054249999999999785,0.24138651703882802,-1.0
218,0.0,4.308903500880361,0.0,0.0,0.004195918852070586,0.0054249999999999785,0.24436827482852896,-1.0
219,0.0,4.304253953153034,0.0,0.0,0.004649547727327604,0.0054249999999999785,0.24778790296939873,-1.0
220,0.0,4.298937891450939,0.0,0.0,0.005316061702094386,0.0054249999999999785,0.251685290643218,-1.0
221,0.0,4.292788268897415,0.0,0.0,0.006149622553524464,0.0054249999999999785,0.25607541285700897,-1.0
222,0.0,4.285749766574426,0.0,0.0,0.007038502322988829,0.0054249999999999785,0.2609384236544667,-1.0
223,0.0,4.277488334322729,0.0,0.0,0.008261432251697882,0.0054249999999999785,0.2662122318101271,-1.0
224,0.0,4.268613116029485,0.0,0.0,0.008875218293243317,0.0054249999999999785,0.2717912611699792,-1.0
225,1.201953517728839,5.458411609829956,0.0,0.0,0.012155023928368008,0.00673574538465518,0.2769577295271074,-1.0
226,1.8926906294761352,7.334278330164891,0.0,0.0,0.016823909141200126,0.008799748252131897,0.28167115651372915,-1.0
227,1.806281807517621,9.119403689346786,0.0,0.0,0.021156448335726576,0.01076952121561892,0.28613315479262214,-1.0
228,1.7110523353634335,10.805697833597048,0.0,0.0,0.02475819111317203,0.01263544524545907,0.2902710222516802,-1.0
229,1.6091827174692241,12.38716330204257,0.0,0.0,0.02771724902370227,0.01439027917944955,0.29404663102286654,-1.0
230,1.4883089478376235,13.845455642843351,0.0,0.0,0.03001660703684241,0.01601329875179155,0.2974199495328619,-1.0
231,1.3624454390715357,15.17623912105874,0.0,0.0,0.03166196085614574,0.017499062589383146,0.30039838790830353,-1.0
232,1.238612857644398,16.381913986263303,0.0,0.0,0.03293799243983736,0.018849785443957247,0.3030113123818688,-1.0
233,1.1192431555222697,17.46731452992216,0.0,0.0,0.033842611863413155,0.020070334141364308,0.3052937846006898,-1.0
234,1.004979641461091,18.437843883645293,0.0,0.0,0.03445028773795708,0.02116627704372108,0.30727972513614443,-1.0
235,0.8958321583122313,19.2988728053555,0.0,0.0,0.034803236602022586,0.022143193246896953,0.30899964105299327,-1.0
236,0.7915841362119522,20.055523214059573,0.0,0.0,0.034933727507878515,0.02300642567460902,0.3104802011741856,-1.0
237,0.6919556613784437,20.71249801984742,0.0,0.0,0.0349808555905957,0.02376101200108497,0.3117444771363402,-1.0
238,0.5966450349823731,21.274399075108104,0.0,0.0,0.03474397972169038,0.024411660894195567,0.31281231665956266,-1.0
239,0.5053677787464324,21.74541132311663,0.0,0.0,0.0343555307379044,0.024962770794682388,0.3137007455646913,-1.0
240,0.4179103661673196,22.129487164158494,0.0,0.0,0.033834525125456545,0.02541850728995755,0.31442440293606205,-1.0
241,0.33405883021586646,22.438248974561258,0.0,0.0,0.02529701981310295,0.025782802633704364,0.31499580209762273,-1.0
242,0.2569256707475347,22.672011767687273,0.0,0.0,0.02316287762152118,0.02606298329973217,0.3154310626536442,-1.0
243,0.1922250255589688,21.950036093897555,0.9142006993486875,0.0,0.0,0.026272607100777935,0.31575429127047516,-1.0
244,0.216451793236331,22.074459321277537,0.0,0.0,0.09202856585634991,0.026508650495801186,0.3161135529794364,-1.0
245,0.3047063678647248,22.35001756599638,0.0,0.0,0.0291481231458791,0.026840936611247992,0.316613727852626,-1.0
246,0.2661370610324809,22.587819373225,0.0,0.0,0.02833525380386503,0.027131162413900737,0.31704847778609463,-1.0
247,0.195951379809145,22.756257147141138,0.0,0.0,0.02751360589300489,0.02734484985098815,0.31736678967407506,-1.0
248,0.11939735259028339,22.849063512812787,0.0,0.0,0.02659098691863373,0.027475054161337414,0.3175601814552854,-1.0
249,0.04267707279544197,22.866135685047986,0.0,0.0,0.025604900560243102,0.02752159404442948,0.31762987279929833,-1.0
250,0.00017656693836443083,22.841704402677315,0.0,0.0,0.02460784930903487,0.027521786592890077,0.3175455409850258,-1.0
251,0.0,22.818056707823278,0.0,0.0,0.02364769485403928,0.027521786592890077,0.3172682337329629,-1.0
252,0.0,22.795333630864654,0.0,0.0,0.02272307695862491,0.027521786592890077,0.3168020750805073,-1.0
253,0.0,22.773501553437693,0.0,0.0,0.02183207742696198,0.027521786592890077,0.31615124484683743,-1.0
254,0.0,22.752528759495128,0.0,0.0,0.020972793942565928,0.027521786592890077,0.3153196878877423,-1.0
255,0.0,22.73238538351577,0.0,0.0,0.020143375979358755,0.027521786592890077,0.31431108472966396,-1.0
256,0.0,22.71304327893091,0.0,0.0,0.01934210458485784,0.027521786592890077,0.3131288351821967,-1.0
257,0.0,22.69440600170617,0.0,0.0,0.018637277224739335,0.027521786592890077,0.31177605513391987,-1.0
258,0.0,22.67652021384105,0.0,0.0,0.01788578786511727,0.027521786592890077,0.3102555697801567,-1.0
259,0.0,22.65936215433377,0.0,0.0,0.01715805950728205,0.027521786592890077,0.3085699168850443,-1.0
260,0.0,22.642960120906068,0.0,0.0,0.01640203342770369,0.027521786592890077,0.306715630217683,-1.0
261,0.0,22.627306232296313,0.0,0.0,0.015653888609753374,0.027521786592890077,0.3046802388333879,-1.0
262,0.0,22.612446577326534,0.0,0.0,0.014859654969777628,0.027521786592890077,0.3024595164010311,-1.0
263,0.0,22.598299263644247,0.0,0.0,0.014147313682286897,0.027521786592890077,0.30005316097039275,-1.0
264,0.0,22.584843535788394,0.0,0.0,0.0134557278558528,0.027521786592890077,0.29746199404419577,-1.0
265,0.0,22.572058322179767,0.0,0.0,0.012785213608625156,0.027521786592890077,0.2946870176236163,-1.0
266,0.0,22.559922411673778,0.0,0.0,0.012135910505990177,0.027521786592890077,0.2917291335001501,-1.0
267,0.0,22.548414233920628,0.0,0.0,0.01150817775315063,0.027521786592890077,0.2885890765919321,-1.0
268,0.0,22.548414233920628,0.0,0.0,0.0,0.027521786592890077,0.0006872133918881823,1.0
269,0.0,22.542297841521215,0.0,0.0,0.006116392399413794,0.027521786592890077,0.005229622634667208,1.0
270,0.0,22.542297841521215,0.0,0.0,0.0,0.027521786592890077,0.011132680752105944,1.0
271,0.0,22.542297841521215,0.0,0.0,0.0,0.027521786592890077,0.014286575930563147,1.0
272,0.0,22.542297841521215,0.0,0.0,0.0,0.027521786592890077,0.018518473532219804,1.0
273,0.0,22.542297841521215,0.0,0.0,0.0,0.027521786592890077,0.023923423411449124,1.0
274,0.0,22.542297841521215,0.0,0.0,0.0,0.027521786592890077,0.024290288627329057,1.0
275,0.0,22.542297841521215,0.0,0.0,0.0,0.027521786592890077,0.024645616408098966,1.0
276,0.0,22.542297841521215,0.0,0.0,0.0,0.027521786592890077,0.025320159163670038,1.0
277,0.0,22.542297841521215,0.0,0.0,0.0,0.027521786592890077,0.026293393380716977,1.0
278,0.0,22.542297841521215,0.0,0.0,0.0,0.027521786592890077,0.027648550973257788,1.0
279,0.0,22.542297841521215,0.0,0.0,0.0,0.027521786592890077,0.029393785339168983,1.0
280,0.0,22.542297841521215,0.0,0.0,0.0,0.027521786592890077,0.03152290329800075,1.0
281,0.0,22.542297841521215,0.0,0.0,0.0,0.027521786592890077,0.03402114949600455,1.0
282,0.0,22.542297841521215,0.0,0.0,0.0,0.027521786592890077,0.036868723171721775,1.0
283,0.0,22.542297841521215,0.0,0.0,0.0,0.027521786592890077,0.040002642459206324,1.0
284,0.0,22.542297841521215,0.0,0.0,0.0,0.027521786592890077,0.041494097483400424,1.0
285,0.0,22.542297841521215,0.0,0.0,0.0,0.027521786592890077,0.04318475227795209,1.0
286,0.0,22.542297841521215,0.0,0.0,0.0,0.027521786592890077,0.04501635945326344,1.0
287,0.0,22.542297841521215,0.0,0.0,0.0,0.027521786592890077,0.04698550376411741,1.0
288,0.0,22.542297841521215,0.0,0.0,0.0,0.027521786592890077,0.04908923277233145,1.0
289,0.0,22.542297841521215,0.0,0.0,0.0,0.027521786592890077,0.05132501787605832,1.0
290,0.0,22.542297841521215,0.0,0.0,0.0,0.027521786592890077,0.05369069462547535,1.0
291,0.0,22.542297841521215,0.0,0.0,0.0,0.027521786592890077,0.0561844598997692,1.0
292,0.0,22.542297841521215,0.0,0.0,0.0,0.027521786592890077,0.05880479391061963,1.0
293,0.0,22.542297841521215,0.0,0.0,0.0,0.027521786592890077,0.06155041614126227,1.0
294,0.0,22.542297841521215,0.0,0.0,0.0,0.027521786592890077,0.06442023566084727,1.0
295,0.0,22.542297841521215,0.0,0.0,0.0,0.027521786592890077,0.0674133241347122,1.0
296,0.0,22.542297841521215,0.0,0.0,0.0,0.027521786592890077,0.07052888343690274,1.0
297,0.0,22.542297841521215,0.0,0.0,0.0,0.027521786592890077,0.07376621961238268,1.0
298,0.0,22.542297841521215,0.0,0.0,0.0,0.027521786592890077,0.0769418083829739,1.0
299,0.0,22.542297841521215,0.0,0.0,0.0,0.027521786592890077,0.08035681907612335,1.0
300,0.0,22.542297841521215,0.0,0.0,0.0,0.027521786592890077,0.08395386505072935,1.0
301,0.0,22.475031982182983,0.0672658593382319,0.0,1.5774190077252627e-15,0.027521786592890077,0.08768085283278858,1.0
302,0.0,22.394316632208085,0.08071534997489907,0.0,1.0412745701453662e-16,0.027521786592890077,0.09153772957329162,1.0
303,0.0,22.307983400741676,0.08633323146640706,0.0,1.0313436388804218e-15,0.027521786592890077,0.09552439407528443,1.0
304,0.0,22.215432566456336,0.09255083428534201,0.0,0.0,0.027521786592890077,0.09964069537581723,1.0
305,0.0,22.17067230656755,0.04476025988878665,0.0,4.860263874067738e-16,0.027521786592890077,0.10088178093295662,1.0
306,0.0,22.130452486732178,0.04021981983536725,0.0,2.1162616312151845e-15,0.027521786592890077,0.10181377726935233,1.0
307,0.0,22.084265276273833,0.04618721045834642,0.0,4.3906780964918143e-16,0.027521786592890077,0.10302279849956653,1.0
308,0.0,22.03041227917622,0.0538529970976101,0.0,3.459467263641704e-15,0.027521786592890077,0.10457638761443967,1.0
309,0.0,21.968604692797705,0.061807586378513545,0.0,0.0,0.027521786592890077,0.10645756417372124,1.0
310,0.0,21.89872318064214,0.0698815121555641,0.0,0.0,0.027521786592890077,0.10863631474820626,1.0
311,0.0,21.81607084696076,0.08265233368138059,0.0,0.0,0.027521786592890077,0.11129241627995892,1.0
312,0.0,21.729256497516076,0.08681434944468294,0.0,0.0,0.027521786592890077,0.11397396381310865,1.0
313,0.0,21.633698395061135,0.0955581024549401,0.0,1.0407159176787575e-15,0.027521786592890077,0.11685675623937222,1.0
314,0.0,21.528650120468694,0.10504827459244297,0.0,1.555104029353322e-15,0.027521786592890077,0.11992409993941117,1.0
315,0.0,21.413243190945295,0.11540692952339755,0.0,2.53416205052043e-16,0.027521786592890077,0.12315704882167937,1.0
316,0.0,21.303627850651,0.10961534029429419,0.0,0.0,0.027521786592890077,0.160448891995853,1.0
317,0.0,21.173591930799667,0.13003591985133311,0.0,0.0,0.027521786592890077,0.16501327829911652,1.0
318,0.0,21.02681419190689,0.14677773889277815,0.0,0.0,0.027521786592890077,0.1697988077167838,1.0
319,0.0,20.86325645449837,0.16355773740852264,0.0,0.0,0.027521786592890077,0.17470941919167024,1.0
320,0.0,20.679601993670644,0.1836544608277254,0.0,0.0,0.027521786592890077,0.1797346788776456,1.0
321,0.0,20.47138886730903,0.20821312636161443,0.0,1.1204089037779075e-15,0.027521786592890077,0.18486161195329626,1.0
322,0.0,20.232082493507882,0.23930637380115014,0.0,0.0,0.027521786592890077,0.190080184637978,1.0
323,0.0,19.951527294326628,0.28055519918125454,0.0,0.0,0.027521786592890077,0.19538548286213664,1.0
324,0.0,19.61321691789229,0.3383103764343368,0.0,0.0,0.027521786592890077,0.20077353408460383,1.0
325,0.0,19.250174980609536,0.3630419372827549,0.0,4.440892098500626e-16,0.027521786592890077,0.20624103314006778,1.0
326,0.0,18.882041307091438,0.3681336735180979,0.0,5.551115123125783e-16,0.027521786592890077,0.21178521497016056,1.0
327,0.0,18.508970402384975,0.37307090470646137,0.0,0.0,0.027521786592890077,0.21740375269164727,1.0
328,0.0,18.223780690372877,0.2851897120120966,0.0,0.0,0.027521786592890077,nan,nan
329,0.0,18.223780690372877,0.0,0.0,0.0,0.027521786592890077,nan,nan
330,0.0,18.223780690372877,0.0,0.0,0.0,0.027521786592890077,nan,nan
331,0.0,18.223780690372877,0.0,0.0,0.0,0.027521786592890077,nan,nan
332,0.0,18.223780690372877,0.0,0.0,0.0,0.027521786592890077,nan,nan
333,0.0,18.223780690372877,0.0,0.0,0.0,0.027521786592890077,nan,nan
334,0.0,18.223780690372877,0.0,0.0,0.0,0.027521786592890077,nan,nan
335,0.0,18.223780690372877,0.0,0.0,0.0,0.027521786592890077,nan,nan
336,0.0,18.223780690372877,0.0,0.0,0.0,0.027521786592890077,nan,nan
337,0.0,18.223780690372877,0.0,0.0,0.0,0.027521786592890077,nan,nan
338,0.0,18.223780690372877,0.0,0.0,0.0,0.027521786592890077,nan,nan
339,0.0,18.223780690372877,0.0,0.0,0.0,0.027521786592890077,nan,nan
340,0.0,18.223780690372877,0.0,0.0,0.0,0.027521786592890077,nan,nan
341,0.0,18.223780690372877,0.0,0.0,0.0,0.027521786592890077,nan,nan
342,0.0,18.223780690372877,0.0,0.0,0.0,0.027521786592890077,nan,nan
343,0.0,18.223780690372877,0.0,0.0,0.0,0.027521786592890077,nan,nan
344,0.0,18.223780690372877,0.0,0.0,0.0,0.027521786592890077,nan,nan
345,0.0,18.223780690372877,0.0,0.0,0.0,0.027521786592890077,nan,nan
346,0.0,18.223780690372877,0.0,0.0,0.0,0.027521786592890077,nan,nan
347,0.0,18.223780690372877,0.0,0.0,0.0,0.027521786592890077,nan,nan
348,0.0,18.223780690372877,0.0,0.0,0.0,0.027521786592890077,nan,nan
349,0.0,18.223780690372877,0.0,0.0,0.0,0.027521786592890077,nan,nan
350,0.0,18.223780690372877,0.0,0.0,0.0,0.027521786592890077,nan,nan
351,0.0,18.223780690372877,0.0,0.0,0.0,0.027521786592890077,nan,nan
352,0.0,18.223780690372877,0.0,0.0,0.0,0.027521786592890077,nan,nan
353,0.0,18.223780690372877,0.0,0.0,0.0,0.027521786592890077,nan,nan
354,0.0,18.223780690372877,0.0,0.0,0.0,0.027521786592890077,nan,nan
355,0.0,18.223780690372877,0.0,0.0,0.0,0.027521786592890077,nan,nan
356,0.0,18.223780690372877,0.0,0.0,0.0,0.027521786592890077,nan,nan
357,0.0,18.223780690372877,0.0,0.0,0.0,0.027521786592890077,nan,nan
358,0.0,18.223780690372877,0.0,0.0,0.0,0.027521786592890077,nan,nan
359,0.0,18.223780690372877,0.0,0.0,0.0,0.027521786592890077,nan,nan
360,0.0,18.223780690372877,0.0,0.0,0.0,0.027521786592890077,nan,nan
361,0.0,18.223780690372877,0.0,0.0,0.0,0.027521786592890077,nan,nan
362,0.0,18.223780690372877,0.0,0.0,0.0,0.027521786592890077,nan,nan
363,0.0,18.223780690372877,0.0,0.0,0.0,0.027521786592890077,nan,nan
364,0.0,18.223780690372877,0.0,0.0,0.0,0.027521786592890077,nan,nan
365,0.0,18.223780690372877,0.0,0.0,0.0,0.027521786592890077,nan,nan
366,0.0,18.223780690372877,0.0,0.0,0.0,0.027521786592890077,nan,nan
367,0.0,18.223780690372877,0.0,0.0,0.0,0.027521786592890077,nan,nan
368,0.0,18.223780690372877,0.0,0.0,0.0,0.027521786592890077,nan,nan
369,0.0,18.223780690372877,0.0,0.0,0.0,0.027521786592890077,nan,nan
370,0.0,18.223780690372877,0.0,0.0,0.0,0.027521786592890077,nan,nan
371,0.0,18.223780690372877,0.0,0.0,0.0,0.027521786592890077,nan,nan
372,0.0,18.223780690372877,0.0,0.0,0.0,0.027521786592890077,nan,nan
373,0.0,18.223780690372877,0.0,0.0,0.0,0.027521786592890077,nan,nan
374,0.0,18.223780690372877,0.0,0.0,0.0,0.027521786592890077,nan,nan
375,0.0,18.223780690372877,0.0,0.0,0.0,0.027521786592890077,nan,nan
376,0.0,18.223780690372877,0.0,0.0,0.0,0.027521786592890077,nan,nan
377,0.0,18.223780690372877,0.0,0.0,0.0,0.027521786592890077,nan,nan
378,0.0,18.223780690372877,0.0,0.0,0.0,0.027521786592890077,nan,nan
379,0.0,18.223780690372877,0.0,0.0,0.0,0.027521786592890077,nan,nan
380,0.0,18.223780690372877,0.0,0.0,0.0,0.027521786592890077,nan,nan
381,0.0,18.223780690372877,0.0,0.0,0.0,0.027521786592890077,nan,nan
382,0.0,18.223780690372877,0.0,0.0,0.0,0.027521786592890077,nan,nan
383,0.0,18.223780690372877,0.0,0.0,0.0,0.027521786592890077,nan,nan
384,0.0,18.223780690372877,0.0,0.0,0.0,0.027521786592890077,nan,nan
385,0.0,18.223780690372877,0.0,0.0,0.0,0.027521786592890077,nan,nan
386,0.0,18.223780690372877,0.0,0.0,0.0,0.027521786592890077,nan,nan
387,0.0,18.223780690372877,0.0,0.0,0.0,0.027521786592890077,nan,nan
388,0.0,18.223780690372877,0.0,0.0,0.0,0.027521786592890077,nan,nan
389,0.0,18.223780690372877,0.0,0.0,0.0,0.027521786592890077,nan,nan
390,0.0,18.223780690372877,0.0,0.0,0.0,0.027521786592890077,nan,nan
391,0.0,18.223780690372877,0.0,0.0,0.0,0.027521786592890077,nan,nan
392,0.0,18.223780690372877,0.0,0.0,0.0,0.027521786592890077,nan,nan
393,0.0,18.223780690372877,0.0,0.0,0.0,0.027521786592890077,nan,nan
394,0.0,18.223780690372877,0.0,0.0,0.0,0.027521786592890077,nan,nan
395,0.0,18.223780690372877,0.0,0.0,0.0,0.027521786592890077,nan,nan
396,0.0,18.223780690372877,0.0,0.0,0.0,0.027521786592890077,nan,nan
397,0.0,18.223780690372877,0.0,0.0,0.0,0.027521786592890077,nan,nan
398,0.0,18.223780690372877,0.0,0.0,0.0,0.027521786592890077,nan,nan
399,0.0,18.223780690372877,0.0,0.0,0.0,0.027521786592890077,nan,nan
400,0.0,18.223780690372877,0.0,0.0,0.0,0.027521786592890077,nan,nan
401,0.0,18.223780690372877,0.0,0.0,0.0,0.027521786592890077,nan,nan
402,0.0,18.223780690372877,0.0,0.0,0.0,0.027521786592890077,nan,nan
403,0.0,18.223780690372877,0.0,0.0,0.0,0.027521786592890077,nan,nan
404,0.0,18.223780690372877,0.0,0.0,0.0,0.027521786592890077,nan,nan
405,0.0,18.223780690372877,0.0,0.0,0.0,0.027521786592890077,nan,nan
406,0.0,18.223780690372877,0.0,0.0,0.0,0.027521786592890077,nan,nan
407,0.0,18.223780690372877,0.0,0.0,0.0,0.027521786592890077,nan,nan
408,0.0,18.223780690372877,0.0,0.0,0.0,0.027521786592890077,nan,nan
409,0.0,18.223780690372877,0.0,0.0,0.0,0.027521786592890077,nan,nan
410,0.0,18.223780690372877,0.0,0.0,0.0,0.027521786592890077,nan,nan
411,0.0,18.223780690372877,0.0,0.0,0.0,0.027521786592890077,nan,nan
412,0.0,18.223780690372877,0.0,0.0,0.0,0.027521786592890077,nan,nan
413,0.0,18.223780690372877,0.0,0.0,0.0,0.027521786592890077,nan,nan
414,0.0,18.223780690372877,0.0,0.0,0.0,0.027521786592890077,nan,nan
415,0.0,18.223780690372877,0.0,0.0,0.0,0.027521786592890077,nan,nan
416,0.0,18.223780690372877,0.0,0.0,0.0,0.027521786592890077,nan,nan
417,0.0,18.223780690372877,0.0,0.0,0.0,0.027521786592890077,nan,nan
418,0.0,18.223780690372877,0.0,0.0,0.0,0.027521786592890077,nan,nan
419,0.0,18.223780690372877,0.0,0.0,0.0,0.027521786592890077,nan,nan
420,0.0,18.223780690372877,0.0,0.0,0.0,0.027521786592890077,nan,nan
421,0.0,18.223780690372877,0.0,0.0,0.0,0.027521786592890077,nan,nan
422,0.0,18.223780690372877,0.0,0.0,0.0,0.027521786592890077,nan,nan
423,0.0,18.223780690372877,0.0,0.0,0.0,0.027521786592890077,nan,nan
424,0.0,18.223780690372877,0.0,0.0,0.0,0.027521786592890077,nan,nan
425,0.0,18.223780690372877,0.0,0.0,0.0,0.027521786592890077,nan,nan
426,0.0,18.223780690372877,0.0,0.0,0.0,0.027521786592890077,nan,nan
427,0.0,18.223780690372877,0.0,0.0,0.0,0.027521786592890077,nan,nan
428,0.0,18.223780690372877,0.0,0.0,0.0,0.027521786592890077,nan,nan
429,0.0,18.223780690372877,0.0,0.0,0.0,0.027521786592890077,nan,nan
430,0.0,18.223780690372877,0.0,0.0,0.0,0.027521786592890077,nan,nan
431,0.0,18.223780690372877,0.0,0.0,0.0,0.027521786592890077,nan,nan
432,0.0,18.223780690372877,0.0,0.0,0.0,0.027521786592890077,nan,nan
433,0.0,18.223780690372877,0.0,0.0,0.0,0.027521786592890077,nan,nan
434,0.0,18.223780690372877,0.0,0.0,0.0,0.027521786592890077,nan,nan
435,0.0,18.223780690372877,0.0,0.0,0.0,0.027521786592890077,nan,nan
436,0.0,18.223780690372877,0.0,0.0,0.0,0.027521786592890077,nan,nan
437,0.0,18.223780690372877,0.0,0.0,0.0,0.027521786592890077,nan,nan
438,0.0,18.223780690372877,0.0,0.0,0.0,0.027521786592890077,nan,nan
439,0.0,18.223780690372877,0.0,0.0,0.0,0.027521786592890077,nan,nan
440,0.0,18.223780690372877,0.0,0.0,0.0,0.027521786592890077,nan,nan
441,0.0,18.223780690372877,0.0,0.0,0.0,0.027521786592890077,nan,nan
442,0.0,18.223780690372877,0.0,0.0,0.0,0.027521786592890077,nan,nan
443,0.0,18.223780690372877,0.0,0.0,0.0,0.027521786592890077,nan,nan
444,0.0,18.223780690372877,0.0,0.0,0.0,0.027521786592890077,nan,nan
445,0.0,18.223780690372877,0.0,0.0,0.0,0.027521786592890077,nan,nan
446,0.0,18.223780690372877,0.0,0.0,0.0,0.027521786592890077,nan,nan
447,0.0,18.223780690372877,0.0,0.0,0.0,0.027521786592890077,nan,nan
448,0.0,18.223780690372877,0.0,0.0,0.0,0.027521786592890077,nan,nan
449,0.0,18.223780690372877,0.0,0.0,0.0,0.027521786592890077,nan,nan
450,0.0,18.223780690372877,0.0,0.0,0.0,0.027521786592890077,nan,nan
451,0.0,18.223780690372877,0.0,0.0,0.0,0.027521786592890077,nan,nan
452,0.0,18.223780690372877,0.0,0.0,0.0,0.027521786592890077,nan,nan
453,0.0,18.223780690372877,0.0,0.0,0.0,0.027521786592890077,nan,nan
454,0.0,18.223780690372877,0.0,0.0,0.0,0.027521786592890077,nan,nan
455,0.0,18.223780690372877,0.0,0.0,0.0,0.027521786592890077,nan,nan
456,0.0,18.223780690372877,0.0,0.0,0.0,0.027521786592890077,nan,nan
457,0.0,18.223780690372877,0.0,0.0,0.0,0.027521786592890077,nan,nan
458,0.0,18.223780690372877,0.0,0.0,0.0,0.027521786592890077,nan,nan
459,0.0,18.223780690372877,0.0,0.0,0.0,0.027521786592890077,nan,nan
460,0.0,18.223780690372877,0.0,0.0,0.0,0.027521786592890077,nan,nan
461,0.0,18.223780690372877,0.0,0.0,0.0,0.027521786592890077,nan,nan
462,0.0,18.223780690372877,0.0,0.0,0.0,0.027521786592890077,nan,nan
463,0.0,18.223780690372877,0.0,0.0,0.0,0.027521786592890077,nan,nan
464,0.0,18.223780690372877,0.0,0.0,0.0,0.027521786592890077,nan,nan
465,0.0,18.223780690372877,0.0,0.0,0.0,0.027521786592890077,nan,nan
466,0.0,18.223780690372877,0.0,0.0,0.0,0.027521786592890077,nan,nan
467,0.0,18.223780690372877,0.0,0.0,0.0,0.027521786592890077,nan,nan
468,0.0,18.223780690372877,0.0,0.0,0.0,0.027521786592890077,nan,nan
469,0.0,18.223780690372877,0.0,0.0,0.0,0.027521786592890077,nan,nan
470,0.0,18.223780690372877,0.0,0.0,0.0,0.027521786592890077,nan,nan
471,0.0,18.223780690372877,0.0,0.0,0.0,0.027521786592890077,nan,nan
472,0.0,18.223780690372877,0.0,0.0,0.0,0.027521786592890077,nan,nan
473,0.0,18.223780690372877,0.0,0.0,0.0,0.027521786592890077,nan,nan
474,0.0,18.223780690372877,0.0,0.0,0.0,0.027521786592890077,nan,nan
475,0.0,18.223780690372877,0.0,0.0,0.0,0.027521786592890077,nan,nan
476,0.0,18.223780690372877,0.0,0.0,0.0,0.027521786592890077,nan,nan
477,0.0,18.223780690372877,0.0,0.0,0.0,0.027521786592890077,nan,nan
478,0.0,18.223780690372877,0.0,0.0,0.0,0.027521786592890077,nan,nan
479,0.0,18.223780690372877,0.0,0.0,0.0,0.027521786592890077,nan,nan
480,0.0,18.223780690372877,0.0,0.0,0.0,0.027521786592890077,nan,nan
481,0.0,18.223780690372877,0.0,0.0,0.0,0.027521786592890077,nan,nan
482,0.0,18.223780690372877,0.0,0.0,0.0,0.027521786592890077,nan,nan
483,0.0,18.223780690372877,0.0,0.0,0.0,0.027521786592890077,nan,nan
484,0.0,18.223780690372877,0.0,0.0,0.0,0.027521786592890077,nan,nan
485,0.0,18.223780690372877,0.0,0.0,0.0,0.027521786592890077,nan,nan
486,0.0,18.223780690372877,0.0,0.0,0.0,0.027521786592890077,nan,nan
487,0.0,18.223780690372877,0.0,0.0,0.0,0.027521786592890077,nan,nan
488,0.0,18.223780690372877,0.0,0.0,0.0,0.027521786592890077,nan,nan
489,0.0,18.223780690372877,0.0,0.0,0.0,0.027521786592890077,nan,nan
490,0.0,18.223780690372877,0.0,0.0,0.0,0.027521786592890077,nan,nan
491,0.0,18.223780690372877,0.0,0.0,0.0,0.027521786592890077,nan,nan
492,0.0,18.223780690372877,0.0,0.0,0.0,0.027521786592890077,nan,nan
493,0.0,18.223780690372877,0.0,0.0,0.0,0.027521786592890077,nan,nan
494,0.0,17.693866113914062,0.5299145764588133,0.0,0.0,0.027521786592890077,nan,nan
495,0.0,17.560409639440344,0.13345647447371953,0.0,1.3877787807814457e-16,0.027521786592890077,nan,nan
496,0.0,17.06893635893531,0.4914732805050319,0.0,0.0,0.027521786592890077,nan,nan
497,0.0,16.35257141218272,0.716364946752593,0.0,2.220446049250313e-16,0.027521786592890077,nan,nan
498,0.0,15.376101377859557,0.9764700343231619,0.0,1.1102230246251565e-16,0.027521786592890077,nan,nan
499,0.0,14.08347195790165,1.2926294199579074,0.0,0.0,0.027521786592890077,nan,nan
500,0.0,12.385018233134389,1.6984537247672626,0.0,2.220446049250313e-16,0.027521786592890077,nan,nan
501,0.0,10.096394352800866,2.2886238803335233,0.0,0.0,0.027521786592890077,nan,nan
502,0.0,6.976491585841249,3.119902766959617,0.0,4.440892098500626e-16,0.027521786592890077,nan,nan
503,0.0,3.1837491708017467,3.792742415039502,0.0,0.0,0.027521786592890077,nan,nan
504,0.0,1.9208341562236333,1.2629150145781134,0.0,0.0,0.027521786592890077,nan,nan
505,0.0,0.9561220449727224,0.9647121112509109,0.0,0.0,0.027521786592890077,nan,nan
506,0.0,0.7888151539550732,0.16730689101764903,0.0,8.7576074609416e-17,0.027521786592890077,nan,nan
507,0.0,0.5810594897611456,0.20775566419392758,0.0,0.0,0.027521786592890077,nan,nan
508,0.0,0.39568981262679515,0.1853696771343505,0.0,0.0,0.027521786592890077,nan,nan
509,0.0,0.24372466871703655,0.1519651439097586,0.0,0.0,0.027521786592890077,nan,nan
510,0.0,0.12992211848077553,0.11380255023626099,0.0,1.442425273454346e-17,0.027521786592890077,nan,nan
511,0.0,0.05376611207969881,0.07615600640107671,0.0,1.1938475115091675e-17,0.027521786592890077,nan,nan
512,0.0,0.038184992662384364,0.0,0.0,0.015581119417314444,0.027521786592890077,0.014856412103252677,-1.0
513,0.0,0.03752181001447215,0.0,0.0,0.0006631826479122121,0.027521786592890077,0.015820650186491578,-1.0
514,0.0,0.03752181001447215,0.0,0.0,0.0,0.027521786592890077,0.01814001035553883,-1.0
515,0.0,0.03752181001447215,0.0,0.0,0.0,0.027521786592890077,0.02253418051583302,-1.0
516,0.0,0.032367305336840575,0.003173881712253487,0.0,0.0019806229653780865,0.027521786592890077,0.029786238448138436,-1.0
517,0.0,0.032367305336840575,0.0,0.0,0.0,0.027521786592890077,0.039959685647385224,-1.0
518,0.0,0.032160266312508366,0.0,0.0,0.0002070390243322123,0.027521786592890077,0.0401247135765693,-1.0
519,0.0,0.03208807584975585,0.0,0.0,7.219046275251735e-05,0.027521786592890077,0.04167856892639333,-1.0
520,0.0,0.03204669477580841,0.0,0.0,4.138107394744127e-05,0.027521786592890077,0.04404561875169184,-1.0
521,0.0,0.03198837596961648,0.0,0.0,5.8318806191933706e-05,0.027521786592890077,0.047431933388751436,-1.0
522,0.0,0.031836927350833044,0.0,0.0,0.0001514486187834349,0.027521786592890077,0.051945128554572596,-1.0
523,0.0,0.031636223444979655,0.0,0.0,0.0002007039058533855,0.027521786592890077,0.05754540816001083,-1.0
524,0.0,0.031400259486207525,0.0,0.0,0.00023596395877213108,0.027521786592890077,0.06389706692576631,-1.0
525,0.0,0.031183283275801384,0.0,0.0,0.00021697621040614017,0.027521786592890077,0.07055316055309321,-1.0
526,0.0,0.02628646383718754,0.0,0.0,0.004896819438613844,0.027521786592890077,0.07669999999999999,-1.0
527,0.0,0.02591996891371986,0.0,0.0,0.00036649492346768164,0.027521786592890077,0.07823765311784302,-1.0
528,0.0,0.0256807527455554,0.0,0.0,0.00023921616816445826,0.027521786592890077,0.08070739356809122,-1.0
529,0.0,0.025444188031395212,0.0,0.0,0.00023656471416018897,0.027521786592890077,0.08340965945504702,-1.0
530,0.0,0.025222450130061275,0.0,0.0,0.00022173790133393878,0.027521786592890077,0.0863281138172655,-1.0
531,0.0,0.02501883840341045,0.0,0.0,0.00020361172665082688,0.027521786592890077,0.08942668351492443,-1.0
532,0.0,0.02483511903730081,0.0,0.0,0.0001837193661096382,0.027521786592890077,0.09267797908004316,-1.0
533,0.0,0.02466788464034993,0.0,0.0,0.00016723439695088047,0.027521786592890077,0.0959924883353266,-1.0
534,0.0,0.024511000011720963,0.0,0.0,0.00015688462862896828,0.027521786592890077,0.09932423814722645,-1.0
535,0.0,0.024361320320530663,0.0,0.0,0.0001496796911903009,0.027521786592890077,0.10264503048014186,-1.0
536,0.0,0.024217578596920666,0.0,0.0,0.00014374172360999825,0.027521786592890077,0.10593475390804546,-1.0
537,0.0,0.024079142918677805,0.0,0.0,0.0001384356782428601,0.027521786592890077,0.10918368168986536,-1.0
538,0.0,0.023944314617787236,0.0,0.0,0.00013482830089056813,0.027521786592890077,0.11238941481551931,-1.0
539,0.0,0.023807779842919943,0.0,0.0,0.0001365347748672929,0.027521786592890077,0.11555172002173393,-1.0
540,0.0,0.023676076122609014,0.0,0.0,0.00013170372031092858,0.027521786592890077,0.11869490929889376,-1.0
541,0.0,0.023548946096353114,0.0,0.0,0.00012713002625589894,0.027521786592890077,0.1219293399927951,-1.0
542,0.0,0.02338493625088694,0.0,0.0,0.00016400984546617248,0.027521786592890077,0.12503333333333333,-1.0
543,0.0,0.02325733762909101,0.0,0.0,0.00012759862179592864,0.027521786592890077,0.12523662412057424,-1.0
544,0.0,0.023129161569745354,0.0,0.0,0.00012817605934565925,0.027521786592890077,0.1267213751890884,-1.0
545,0.0,0.023002175562579028,0.0,0.0,0.00012698600716632487,0.027521786592890077,0.1285305477039575,-1.0
546,0.0,0.021024334239229562,0.0013872019828451694,0.0,0.0005906393405042959,0.027521786592890077,0.13049570851241699,-1.0
547,0.0,0.02065867894787706,0.0,0.0,0.00036565529135250033,0.027521786592890077,0.1329272518924749,-1.0
548,0.0,0.020554644695056353,0.0,0.0,0.00010403425282070766,0.027521786592890077,0.13532616674956033,-1.0
549,0.0,0.020450477176318,0.0,0.0,0.00010416751873835313,0.027521786592890077,0.13781600326694798,-1.0
550,0.0,0.02034805084326621,0.0,0.0,0.00010242633305179099,0.027521786592890077,0.14038763840272944,-1.0
551,0.0,0.020247269514239302,0.0,0.0,0.00010078132902690592,0.027521786592890077,0.14302687543099718,-1.0
552,0.0,0.020148057020499942,0.0,0.0,9.921249373936112e-05,0.027521786592890077,0.1457205835620038,-1.0
553,0.0,0.020050361544610835,0.0,0.0,9.769547588910677e-05,0.027521786592890077,0.14845455263043267,-1.0
554,0.0,0.019954155653542197,0.0,0.0,9.620589106863647e-05,0.027521786592890077,0.15121427365087842,-1.0
555,0.0,0.019859432681493983,0.0,0.0,9.472297204821352e-05,0.027521786592890077,0.1539860003402173,-1.0
556,0.0,0.019766196676895276,0.0,0.0,9.323600459870641e-05,0.027521786592890077,0.1567577178875586,-1.0
557,0.0,0.0196744574135501,0.0,0.0,9.173926334517505e-05,0.027521786592890077,0.1595197936977523,-1.0
558,0.0,0.019584218507252612,0.0,0.0,9.023890629748943e-05,0.027521786592890077,0.1622652154406225,-1.0
559,0.0,0.019495479813558723,0.0,0.0,8.873869369388801e-05,0.027521786592890077,0.16498944299389706,-1.0
560,0.0,0.019408227099494288,0.0,0.0,8.725271406443682e-05,0.027521786592890077,0.1676899854802927,-1.0
561,0.0,0.019322441909929197,0.0,0.0,8.578518956509091e-05,0.027521786592890077,0.17036585983636507,-1.0
562,0.0,0.01923770305653668,0.0,0.0,8.47388533925185e-05,0.027521786592890077,0.1730348840426893,-1.0
563,0.0,0.01915517189057736,0.0,0.0,8.253116595932095e-05,0.027521786592890077,0.17566111410179924,-1.0
564,0.0,0.019074765032868556,0.0,0.0,8.040685770880634e-05,0.027521786592890077,0.1781983179044806,-1.0
565,0.0,0.01899642022013625,0.0,0.0,7.834481273230486e-05,0.027521786592890077,0.18064510996128014,-1.0
566,0.0,0.018920071835143597,0.0,0.0,7.634838499265346e-05,0.027521786592890077,0.18300403091164807,-1.0
567,0.0,0.018845650114218217,0.0,0.0,7.442172092538128e-05,0.027521786592890077,0.18527834368592067,-1.0
568,0.0,0.01877308832152075,0.0,0.0,7.25617926974668e-05,0.027521786592890077,0.18747151690848038,-1.0
569,0.0,0.01870232064514543,0.0,0.0,7.076767637531801e-05,0.027521786592890077,0.1895870074899898,-1.0
570,0.0,0.01863327870673734,0.0,0.0,6.904193840809253e-05,0.027521786592890077,0.19162817073482497,-1.0
571,0.0,0.01856853365403376,0.0,0.0,6.474505270357889e-05,0.027521786592890077,0.19359821322640047,-1.0
572,0.0,0.018506199654541824,0.0,0.0,6.23339994919349e-05,0.027521786592890077,0.19546960328867974,-1.0
573,0.0,0.018446025920055224,0.0,0.0,6.017373448660034e-05,0.027521786592890077,0.1972642952489269,-1.0
574,0.0,0.01838981757159857,0.0,0.0,5.6208348456655736e-05,0.027521786592890077,0.19900395635178542,-1.0
575,0.0,0.018336229853277413,0.0,0.0,5.3587718321155243e-05,0.027521786592890077,0.20070610297486988,-1.0
576,0.0,0.01828473054374341,0.0,0.0,5.14993095340016e-05,0.027521786592890077,0.20238245576517622,-1.0
577,0.0,0.016885923446829477,0.0011600589995222955,0.0,0.00023874809739163685,0.027521786592890077,0.2040396203585591,-1.0
578,0.0,0.016706598868654086,0.0,0.0,0.00017932457817538958,0.027521786592890077,0.20620541668673165,-1.0
579,0.0,0.01666254735903011,0.0,0.0,4.405150962397487e-05,0.027521786592890077,0.20819649035960636,-1.0
580,0.0,0.016618998693213722,0.0,0.0,4.354866581638797e-05,0.027521786592890077,0.2099197646268296,-1.0
581,0.0,0.01657886895275521,0.0,0.0,4.012974045851059e-05,0.027521786592890077,0.21156465761191937,-1.0
582,0.0,0.01654063793621336,0.0,0.0,3.823101654184923e-05,0.027521786592890077,0.21314712526900284,-1.0
583,0.0,0.01650365452682025,0.0,0.0,3.6983409393109834e-05,0.027521786592890077,0.2147006835011553,-1.0
584,0.0,0.016467694399087154,0.0,0.0,3.596012773309603e-05,0.027521786592890077,0.2162346720565155,-1.0
585,0.0,0.01643267180497771,0.0,0.0,3.5022594109446126e-05,0.027521786592890077,0.21775043578885078,-1.0
586,0.0,0.016398539389809792,0.0,0.0,3.4132415167917546e-05,0.027521786592890077,0.21924725887563962,-1.0
587,0.0,0.016365261661112577,0.0,0.0,3.3277728697215294e-05,0.027521786592890077,0.2207240658294654,-1.0
588,0.0,0.014666317135356304,0.0,0.0,0.001698944525756272,0.027521786592890077,0.22169999999999998,-1.0
589,0.0,0.014261401562224382,0.0,0.0,0.0004049155731319233,0.027521786592890077,0.22169999999999998,-1.0
590,0.0,0.013995635729171656,0.0,0.0,0.00026576583305272516,0.027521786592890077,0.22169999999999998,-1.0
591,0.0,0.013790712060502032,0.0,0.0,0.00020492366866962464,0.027521786592890077,0.22169999999999998,-1.0
592,0.0,0.013621195300993412,0.0,0.0,0.0001695167595086203,0.027521786592890077,0.22169999999999998,-1.0
593,0.0,0.013475233073590845,0.0,0.0,0.00014596222740256634,0.027521786592890077,0.22169999999999998,-1.0
594,0.0,0.0133465015698652,0.0,0.0,0.00012873150372564527,0.027521786592890077,0.22169999999999998,-1.0
595,0.0,0.01323093471268844,0.0,0.0,0.00011556685717676099,0.027521786592890077,0.22169999999999998,-1.0
596,0.0,0.013125820613585632,0.0,0.0,0.00010511409910280799,0.027521786592890077,0.22169999999999998,-1.0
597,0.0,0.013029266608225329,0.0,0.0,9.655400536030302e-05,0.027521786592890077,0.22169999999999998,-1.0
598,0.0,0.012939882686548608,0.0,0.0,8.938392167672045e-05,0.027521786592890077,0.22169999999999998,-1.0
599,0.0,0.012856601438464992,0.0,0.0,8.328124808361517e-05,0.027521786592890077,0.22169999999999998,-1.0
600,0.0,0.01277859283072506,0.0,0.0,7.800860773993164e-05,0.027521786592890077,0.22169999999999998,-1.0
601,0.0,0.012705197515944483,0.0,0.0,7.339531478057788e-05,0.027521786592890077,0.22169999999999998,-1.0
602,0.0,0.012635882220671154,0.0,0.0,6.93152952733288e-05,0.027521786592890077,0.22169999999999998,-1.0
603,0.0,0.012570208944293428,0.0,0.0,6.567327637772624e-05,0.027521786592890077,0.22169999999999998,-1.0
604,0.0,0.012507813118016364,0.0,0.0,6.239582627706432e-05,0.027521786592890077,0.22169999999999998,-1.0
605,0.0,0.012448387721967965,0.0,0.0,5.9425396048398586e-05,0.027521786592890077,0.22169999999999998,-1.0
606,0.0,0.012391671491190902,0.0,0.0,5.671623077706176e-05,0.027521786592890077,0.22169999999999998,-1.0
607,0.0,0.012337440040993927,0.0,0.0,5.4231450196975046e-05,0.027521786592890077,0.22169999999999998,-1.0
608,0.0,0.01123297420579134,0.0010160069195478485,0.0,8.845891565473708e-05,0.027521786592890077,0.22169999999999998,-1.0
609,0.0,0.011109537455587912,0.0,0.0,0.00012343675020342853,0.027521786592890077,0.22169999999999998,-1.0
610,0.0,0.011066037652272131,0.0,0.0,4.349980331578049e-05,0.027521786592890077,0.22169999999999998,-1.0
611,0.0,0.011021109707247782,0.0,0.0,4.492794502434866e-05,0.027521786592890077,0.22169999999999998,-1.0
612,0.0,0.010977323285834962,0.0,0.0,4.3786421412819785e-05,0.027521786592890077,0.22169999999999998,-1.0
613,0.0,0.01093481590456677,0.0,0.0,4.25073812681923e-05,0.027521786592890077,0.22169999999999998,-1.0
614,0.0,0.010893623194001313,0.0,0.0,4.1192710565456824e-05,0.027521786592890077,0.22169999999999998,-1.0
615,0.0,0.010853753016705527,0.0,0.0,3.9870177295786237e-05,0.027521786592890077,0.22169999999999998,-1.0
616,0.0,0.010815194594329227,0.0,0.0,3.855842237630066e-05,0.027521786592890077,0.22169999999999998,-1.0
617,0.0,0.010777924029842276,0.0,0.0,3.727056448695043e-05,0.027521786592890077,0.22169999999999998,-1.0
618,0.0,0.010741908509642644,0.0,0.0,3.60155201996318e-05,0.027521786592890077,0.22169999999999998,-1.0
619,0.0,0.010707109436296491,0.0,0.0,3.4799073346152844e-05,0.027521786592890077,0.22169999999999998,-1.0
620,0.0,0.010690197783351457,0.0,0.0,1.6911652945034207e-05,0.027521786592890077,0.22161559893297716,-1.0
621,0.0,0.01067503155389203,0.0,0.0,1.5166229459428444e-05,0.027521786592890077,0.2213665795686922,-1.0
622,0.0,0.010660294382092327,0.0,0.0,1.473717179970232e-05,0.027521786592890077,0.2210128117639675,-1.0
623,0.0,0.010645954815573741,0.0,0.0,1.4339566518585549e-05,0.027521786592890077,0.22056668534871404,-1.0
624,0.0,0.010631985589809705,0.0,0.0,1.39692257640366e-05,0.027521786592890077,0.2200344147894796,-1.0
625,0.0,0.010618394074483352,0.0,0.0,1.3591515326353144e-05,0.027521786592890077,0.2194162545765196,-1.0
626,0.0,0.010605154317030735,0.0,0.0,1.3239757452616672e-05,0.027521786592890077,0.21870969601255613,-1.0
627,0.0,0.010592244065877261,0.0,0.0,1.2910251153474701e-05,0.027521786592890077,0.21791613863114542,-1.0
628,0.0,0.0105796434982892,0.0,0.0,1.2600567588061649e-05,0.027521786592890077,0.21703746578074357,-1.0
629,0.0,0.01056733481453069,0.0,0.0,1.2308683758508314e-05,0.027521786592890077,0.21607541049254853,-1.0
630,0.0,0.010555302010964204,0.0,0.0,1.2032803566486363e-05,0.027521786592890077,0.2150315204364722,-1.0
631,0.0,0.010543530678971912,0.0,0.0,1.1771331992292076e-05,0.027521786592890077,0.2139071977634283,-1.0
632,0.0,0.010532007846167932,0.0,0.0,1.1522832803980807e-05,0.027521786592890077,0.212703736663915,-1.0
633,0.0,0.010530522769139516,0.0,0.0,1.4850770284158573e-06,0.027521786592890077,0.0007775644674596295,1.0
634,0.0,0.010525810262392896,0.0,0.0,4.7125067466215866e-06,0.027521786592890077,0.005272683344492594,1.0
635,0.0,0.010525810262392896,0.0,0.0,0.0,0.027521786592890077,0.010969302506417821,1.0
636,0.0,0.010525810262392896,0.0,0.0,0.0,0.027521786592890077,0.013951322569028052,1.0
637,0.0,0.010525810262392896,0.0,0.0,0.0,0.027521786592890077,0.01785988938508321,1.0
638,0.0,0.010525810262392896,0.0,0.0,0.0,0.027521786592890077,0.022708621074606396,1.0
639,0.0,0.010525810262392896,0.0,0.0,0.0,0.027521786592890077,0.023270878233983733,1.0
640,0.0,0.010525810262392896,0.0,0.0,0.0,0.027521786592890077,0.023858040012798558,1.0
641,0.0,0.010525810262392896,0.0,0.0,0.0,0.027521786592890077,0.024941848348686076,1.0
642,0.0,0.010525810262392896,0.0,0.0,0.0,0.027521786592890077,0.026470065041869557,1.0
643,0.0,0.010525810262392896,0.0,0.0,0.0,0.027521786592890077,0.028546744847759105,1.0
644,0.0,0.010525810262392896,0.0,0.0,0.0,0.027521786592890077,0.031163525025067883,1.0
645,0.0,0.010525810262392896,0.0,0.0,0.0,0.027521786592890077,0.034295260154633654,1.0
646,0.0,0.010525810262392896,0.0,0.0,0.0,0.027521786592890077,0.037908743922255524,1.0
647,0.0,0.010525810262392896,0.0,0.0,0.0,0.027521786592890077,0.04122719590896421,1.0
648,0.0,0.010525810262392896,0.0,0.0,0.0,0.027521786592890077,0.04473716517339129,1.0
649,0.0,0.010525810262392896,0.0,0.0,0.0,0.027521786592890077,0.04854283361142918,1.0
650,0.0,0.010525810262392896,0.0,0.0,0.0,0.027521786592890077,0.05261639553060433,1.0
651,0.0,0.010525810262392896,0.0,0.0,0.0,0.027521786592890077,0.05693973907414302,1.0
652,0.0,0.010525810262392896,0.0,0.0,0.0,0.027521786592890077,0.06149560329025558,1.0
653,0.0,0.010525810262392896,0.0,0.0,0.0,0.027521786592890077,0.06626735962764736,1.0
654,0.0,0.010525810262392896,0.0,0.0,0.0,0.027521786592890077,0.07123883943425197,1.0
655,0.0,0.010525810262392896,0.0,0.0,0.0,0.027521786592890077,0.0763941842147664,1.0
656,0.0,0.010525810262392896,0.0,0.0,0.0,0.027521786592890077,0.07842341567104565,1.0
657,0.0,0.010525810262392896,0.0,0.0,0.0,0.027521786592890077,0.08061465945169567,1.0
658,0.0,0.010525810262392896,0.0,0.0,0.0,0.027521786592890077,0.0828926809531603,1.0
659,0.0,0.010525810262392896,0.0,0.0,0.0,0.027521786592890077,0.08525407869721208,1.0
660,0.0,0.010525810262392896,0.0,0.0,0.0,0.027521786592890077,0.08769665340875962,1.0
661,0.0,0.010525810262392896,0.0,0.0,0.0,0.027521786592890077,0.09021822312739008,1.0
662,0.0,0.010525810262392896,0.0,0.0,0.0,0.027521786592890077,0.0928166030363641,1.0
663,0.0,0.010525810262392896,0.0,0.0,0.0,0.027521786592890077,0.09548959378989379,1.0
664,0.0,0.010525810262392896,0.0,0.0,0.0,0.027521786592890077,0.09823497262935538,1.0
665,0.0,0.010525810262392896,0.0,0.0,0.0,0.027521786592890077,0.10105048701465112,1.0
666,0.0,0.010525810262392896,0.0,0.0,0.0,0.027521786592890077,0.1039338503985534,1.0
667,0.0,0.010525810262392896,0.0,0.0,0.0,0.027521786592890077,0.106882739875158,1.0
668,0.0,0.010525810262392896,0.0,0.0,0.0,0.027521786592890077,0.10989479549736557,1.0
669,0.0,0.010525810262392896,0.0,0.0,0.0,0.027521786592890077,0.11296762307239155,1.0
670,0.0,0.010525810262392896,0.0,0.0,0.0,0.027521786592890077,0.11454348885222218,1.0
671,0.0,0.010525810262392896,0.0,0.0,0.0,0.027521786592890077,0.1155924321826153,1.0
672,0.0,0.010525810262392896,0.0,0.0,0.0,0.027521786592890077,0.11684570695466087,1.0
673,0.0,0.010525810262392896,0.0,0.0,0.0,0.027521786592890077,0.11838729042286793,1.0
674,0.0,0.010525810262392896,0.0,0.0,0.0,0.027521786592890077,0.12019487387058447,1.0
675,0.0,0.010525810262392896,0.0,0.0,0.0,0.027521786592890077,0.12223103590306608,1.0
676,0.0,0.010525810262392896,0.0,0.0,0.0,0.027521786592890077,0.12458955645100447,1.0
677,0.0,0.010525810262392896,0.0,0.0,0.0,0.027521786592890077,0.19270318607534015,1.0
678,0.0,0.010525810262392896,0.0,0.0,0.0,0.027521786592890077,0.19619625536659796,1.0
679,0.0,0.010525810262392896,0.0,0.0,0.0,0.027521786592890077,0.19982780480484563,1.0
680,0.0,0.010525810262392896,0.0,0.0,0.0,0.027521786592890077,0.20355594846827169,1.0
681,0.0,0.010525810262392896,0.0,0.0,0.0,0.027521786592890077,0.20736600481303524,1.0
682,0.0,0.010525810262392896,0.0,0.0,0.0,0.027521786592890077,0.2112474822501944,1.0
683,0.0,0.010525810262392896,0.0,0.0,0.0,0.027521786592890077,0.21519190808378041,1.0
684,0.0,0.010525810262392896,0.0,0.0,0.0,0.027521786592890077,0.21919228030315424,1.0
685,0.0,0.010525810262392896,0.0,0.0,0.0,0.027521786592890077,nan,nan
686,0.0,0.010525810262392896,0.0,0.0,0.0,0.027521786592890077,nan,nan
687,0.0,0.010525810262392896,0.0,0.0,0.0,0.027521786592890077,nan,nan
688,0.0,0.010525810262392896,0.0,0.0,0.0,0.027521786592890077,nan,nan
689,0.0,0.010525810262392896,0.0,0.0,0.0,0.027521786592890077,nan,nan
690,0.0,0.010525810262392896,0.0,0.0,0.0,0.027521786592890077,nan,nan
691,0.0,0.010525810262392896,0.0,0.0,0.0,0.027521786592890077,nan,nan
692,0.0,0.010525810262392896,0.0,0.0,0.0,0.027521786592890077,nan,nan
693,0.0,0.010525810262392896,0.0,0.0,0.0,0.027521786592890077,nan,nan
694,0.0,0.010525810262392896,0.0,0.0,0.0,0.027521786592890077,nan,nan
695,0.0,0.010525810262392896,0.0,0.0,0.0,0.027521786592890077,nan,nan
696,0.0,0.010525810262392896,0.0,0.0,0.0,0.027521786592890077,nan,nan
697,0.0,0.010525810262392896,0.0,0.0,0.0,0.027521786592890077,nan,nan
698,0.0,0.010525810262392896,0.0,0.0,0.0,0.027521786592890077,nan,nan
699,0.0,0.010525810262392896,0.0,0.0,0.0,0.027521786592890077,nan,nan
700,0.0,0.010525810262392896,0.0,0.0,0.0,0.027521786592890077,nan,nan
701,0.0,0.010525810262392896,0.0,0.0,0.0,0.027521786592890077,nan,nan
702,0.0,0.010525810262392896,0.0,0.0,0.0,0.027521786592890077,nan,nan
703,0.0,0.010525810262392896,0.0,0.0,0.0,0.027521786592890077,nan,nan
704,0.0,0.010525810262392896,0.0,0.0,0.0,0.027521786592890077,nan,nan
705,0.0,0.010525810262392896,0.0,0.0,0.0,0.027521786592890077,nan,nan
706,0.0,0.010525810262392896,0.0,0.0,0.0,0.027521786592890077,nan,nan
707,0.0,0.010525810262392896,0.0,0.0,0.0,0.027521786592890077,nan,nan
708,0.0,0.010525810262392896,0.0,0.0,0.0,0.027521786592890077,nan,nan
709,0.0,0.010525810262392896,0.0,0.0,0.0,0.027521786592890077,nan,nan
710,0.0,0.010525810262392896,0.0,0.0,0.0,0.027521786592890077,nan,nan
711,0.0,0.010525810262392896,0.0,0.0,0.0,0.027521786592890077,nan,nan
712,0.0,0.010525810262392896,0.0,0.0,0.0,0.027521786592890077,nan,nan
713,0.0,0.010525810262392896,0.0,0.0,0.0,0.027521786592890077,nan,nan
714,0.0,0.010525810262392896,0.0,0.0,0.0,0.027521786592890077,nan,nan
715,0.0,0.010525810262392896,0.0,0.0,0.0,0.027521786592890077,nan,nan
716,0.0,0.010525810262392896,0.0,0.0,0.0,0.027521786592890077,nan,nan
717,0.0,0.010525810262392896,0.0,0.0,0.0,0.027521786592890077,nan,nan
718,0.0,0.010525810262392896,0.0,0.0,0.0,0.027521786592890077,nan,nan
719,0.0,0.010525810262392896,0.0,0.0,0.0,0.027521786592890077,nan,nan
720,0.0,0.010525810262392896,0.0,0.0,0.0,0.027521786592890077,nan,nan
721,0.0,0.010525810262392896,0.0,0.0,0.0,0.027521786592890077,nan,nan
722,0.0,0.010525810262392896,0.0,0.0,0.0,0.027521786592890077,nan,nan
723,0.0,0.010525810262392896,0.0,0.0,0.0,0.027521786592890077,nan,nan
724,0.0,0.010525810262392896,0.0,0.0,0.0,0.027521786592890077,nan,nan
725,0.0,0.010525810262392896,0.0,0.0,0.0,0.027521786592890077,nan,nan
726,0.0,0.010525810262392896,0.0,0.0,0.0,0.027521786592890077,nan,nan
727,0.0,0.010525810262392896,0.0,0.0,0.0,0.027521786592890077,nan,nan
728,0.0,0.010525810262392896,0.0,0.0,0.0,0.027521786592890077,nan,nan
729,0.0,0.010525810262392896,0.0,0.0,0.0,0.027521786592890077,nan,nan
730,0.0,0.010525810262392896,0.0,0.0,0.0,0.027521786592890077,nan,nan
